Handle,Title,Body (HTML),Vendor,Product Category,Type,Tags,Published,Option1 Name,Option1 Value,Option1 Linked To,Option2 Name,Option2 Value,Option2 Linked To,Option3 Name,Option3 Value,Option3 Linked To,Variant SKU,Variant Grams,Variant Inventory Tracker,Variant Inventory Qty,Variant Inventory Policy,Variant Fulfillment Service,Variant Price,Variant Compare At Price,Variant Requires Shipping,Variant Taxable,Unit Price Total Measure,Unit Price Total Measure Unit,Unit Price Base Measure,Unit Price Base Measure Unit,Variant Barcodes,Image Src,Image Position,Image Alt Text,Gift Card,SEO Title,SEO Description,Variant Image,Variant Weight Unit,Variant Tax Code,Cost per item,Status
the-ultimate-botanical-glow-box,The Ultimate Botanical Glow Box,"<h2>Head-to-toe glow, gift-wrapped by nature</h2><p>A curated box of CHIC's most-loved botanical rituals, brought together for head-to-toe glow. The Ultimate Botanical Glow Box makes self-care effortless — and makes an unforgettable gift.</p><h3>Why you’ll love it</h3><ul><li>Complete AM-to-PM glow ritual in one box</li><li>Gentle, plant-powered formulas for all skin types</li><li>Beautifully packaged — ready to gift</li></ul><h3>Key botanicals</h3><p>Aloe Vera, Probiotics, Kokum Butter, Jojoba, Herbal Extracts</p><h3>How to use</h3><p>Cleanse with the facewash, treat with the botanical actives, and seal in moisture with the body yogurt. Use daily for visible glow.</p><h3>Care</h3><p>Store in a cool, dry place away from direct sunlight. Patch-test before first use. For external use only. 100% botanical, cruelty-free and made in India.</p>",CHIC The Botanical Beauty,Health & Beauty > Personal Care > Cosmetics > Cosmetic & Toiletry Bags,Gift Set,"Gift Sets, Combo, Skin Care, Best Seller",true,Title,Default Title,,,,,,,,CHIC-001,0,shopify,100,deny,manual,999.00,1299.00,true,true,,,,,,https://cdn.shopify.com/s/files/1/1026/6145/6240/files/Screenshot2026-07-10181231.png?v=1783687466,1,The Ultimate Botanical Glow Box - CHIC The Botanical Beauty,false,The Ultimate Botanical Glow Box | CHIC The Botanical Beauty,"A curated box of CHIC's most-loved botanical rituals, brought together for head-to-toe glow. The Ultimate Botanical Glow Box makes self-care effortless — and makes an unforgettable gift.",,g,,,active
the-ultimate-botanical-glow-box,,,,,,,,,,,,,,,,,,,,,,,,,,,,,,,,https://cdn.shopify.com/s/files/1/1026/6145/6240/files/Screenshot2026-07-10181238.png?v=1783687466,2,The Ultimate Botanical Glow Box - CHIC The Botanical Beauty,,,,,,,,
the-ultimate-botanical-glow-box,,,,,,,,,,,,,,,,,,,,,,,,,,,,,,,,https://cdn.shopify.com/s/files/1/1026/6145/6240/files/Screenshot2026-07-10181250.png?v=1783687466,3,The Ultimate Botanical Glow Box - CHIC The Botanical Beauty,,,,,,,,
the-ultimate-botanical-glow-box,,,,,,,,,,,,,,,,,,,,,,,,,,,,,,,,https://cdn.shopify.com/s/files/1/1026/6145/6240/files/Screenshot2026-07-10181256.png?v=1783687466,4,The Ultimate Botanical Glow Box - CHIC The Botanical Beauty,,,,,,,,
the-ultimate-botanical-glow-box,,,,,,,,,,,,,,,,,,,,,,,,,,,,,,,,https://cdn.shopify.com/s/files/1/1026/6145/6240/files/Screenshot2026-07-10181303.png?v=1783687466,5,The Ultimate Botanical Glow Box - CHIC The Botanical Beauty,,,,,,,,
the-ultimate-botanical-glow-box,,,,,,,,,,,,,,,,,,,,,,,,,,,,,,,,https://cdn.shopify.com/s/files/1/1026/6145/6240/files/Screenshot2026-07-10181308.png?v=1783687466,6,The Ultimate Botanical Glow Box - CHIC The Botanical Beauty,,,,,,,,
the-ultimate-botanical-glow-box,,,,,,,,,,,,,,,,,,,,,,,,,,,,,,,,https://cdn.shopify.com/s/files/1/1026/6145/6240/files/Screenshot2026-07-10181315.png?v=1783687466,7,The Ultimate Botanical Glow Box - CHIC The Botanical Beauty,,,,,,,,
the-ultimate-botanical-glow-box,,,,,,,,,,,,,,,,,,,,,,,,,,,,,,,,https://cdn.shopify.com/s/files/1/1026/6145/6240/files/Screenshot2026-07-10181321.png?v=1783687466,8,The Ultimate Botanical Glow Box - CHIC The Botanical Beauty,,,,,,,,
the-ultimate-botanical-glow-box,,,,,,,,,,,,,,,,,,,,,,,,,,,,,,,,https://cdn.shopify.com/s/files/1/1026/6145/6240/files/Screenshot2026-07-10181328.png?v=1783687466,9,The Ultimate Botanical Glow Box - CHIC The Botanical Beauty,,,,,,,,
the-chic-mom-royal-pamper-kit,"The ""Chic Mom"" Royal Pamper Kit","<h2>A royal spa ritual for the queen of the house</h2><p>The “Chic Mom” Royal Pamper Kit is our most indulgent gift set — a royal spa experience at home, curated for the woman who deserves it all.</p><h3>Why you’ll love it</h3><ul><li>Luxurious head-to-toe pampering ritual</li><li>Premium botanical formulations, gently effective</li><li>An elegant, ready-to-gift keepsake box</li></ul><h3>Key botanicals</h3><p>Botanical oils, Ayurvedic herbs, natural butters</p><h3>How to use</h3><p>Set aside an evening. Begin with cleansing, follow with masks and massage, and finish with deep moisturisation.</p><h3>Care</h3><p>Store in a cool, dry place away from direct sunlight. Patch-test before first use. For external use only. 100% botanical, cruelty-free and made in India.</p>",CHIC The Botanical Beauty,Health & Beauty > Personal Care > Cosmetics > Cosmetic & Toiletry Bags,Gift Set,"Gift Sets, Mother's Choice, Luxury, Combo",true,Title,Default Title,,,,,,,,CHIC-002,0,shopify,100,deny,manual,2999.00,3899.00,true,true,,,,,,https://cdn.shopify.com/s/files/1/1026/6145/6240/files/Screenshot2026-07-10181113.png?v=1783687312,1,"The ""Chic Mom"" Royal Pamper Kit - CHIC The Botanical Beauty",false,"The ""Chic Mom"" Royal Pamper Kit | CHIC The Botanical Beauty","The “Chic Mom” Royal Pamper Kit is our most indulgent gift set — a royal spa experience at home, curated for the woman who deserves it all.",,g,,,active
the-chic-mom-royal-pamper-kit,,,,,,,,,,,,,,,,,,,,,,,,,,,,,,,,https://cdn.shopify.com/s/files/1/1026/6145/6240/files/Screenshot2026-07-10181119.png?v=1783687312,2,"The ""Chic Mom"" Royal Pamper Kit - CHIC The Botanical Beauty",,,,,,,,
the-chic-mom-royal-pamper-kit,,,,,,,,,,,,,,,,,,,,,,,,,,,,,,,,https://cdn.shopify.com/s/files/1/1026/6145/6240/files/Screenshot2026-07-10181125.png?v=1783687312,3,"The ""Chic Mom"" Royal Pamper Kit - CHIC The Botanical Beauty",,,,,,,,
rose-water,Rose Water,"<h2>One spritz of pure botanical freshness</h2><p>Pure steam-distilled Rose Water that tones, refreshes and calms the skin in a single spritz. A timeless Ayurvedic staple for every routine.</p><h3>Why you’ll love it</h3><ul><li>Tones and tightens pores naturally</li><li>Instantly hydrates and refreshes dull skin</li><li>Soothes redness and irritation</li><li>Preps skin for serums and moisturisers</li></ul><h3>Key botanicals</h3><p>100% steam-distilled Damask Rose</p><h3>How to use</h3><p>Spritz on cleansed face morning and evening, or use anytime for a burst of freshness. Follow with moisturiser.</p><h3>Care</h3><p>Store in a cool, dry place away from direct sunlight. Patch-test before first use. For external use only. 100% botanical, cruelty-free and made in India.</p>",CHIC The Botanical Beauty,Health & Beauty > Personal Care > Cosmetics > Skin Care,Skin Care,"Skin Care, Toner, Rose, Ayurvedic",true,Title,Default Title,,,,,,,,CHIC-003,0,shopify,100,deny,manual,299.00,399.00,true,true,,,,,,https://cdn.shopify.com/s/files/1/1026/6145/6240/files/Screenshot2026-07-10180919.png?v=1783687179,1,Rose Water - CHIC The Botanical Beauty,false,Rose Water | CHIC The Botanical Beauty,"Pure steam-distilled Rose Water that tones, refreshes and calms the skin in a single spritz. A timeless Ayurvedic staple for every routine.",,g,,,active
rose-water,,,,,,,,,,,,,,,,,,,,,,,,,,,,,,,,https://cdn.shopify.com/s/files/1/1026/6145/6240/files/Screenshot2026-07-10180926.png?v=1783687179,2,Rose Water - CHIC The Botanical Beauty,,,,,,,,
black-premium-plastic-head-massager-pack-of-5,Black Premium Plastic Head Massager Pack Of 5,"<h2>Turn every oiling into a spa moment</h2><p>A pack of five premium scalp massagers that turn every hair-oil ritual into a spa moment. Flexible bristles stimulate the scalp and boost circulation.</p><h3>Why you’ll love it</h3><ul><li>Stimulates blood circulation for healthier roots</li><li>Helps oils and treatments absorb better</li><li>Relaxes and relieves stress in minutes</li><li>Pack of 5 — share or keep one everywhere</li></ul><h3>Key botanicals</h3><p>Durable, skin-friendly premium material</p><h3>How to use</h3><p>Place on the scalp and move in gentle circular motions for 5–10 minutes, ideally with CHIC Herbal Hair Oil.</p><h3>Care</h3><p>Store in a cool, dry place away from direct sunlight. Patch-test before first use. For external use only. 100% botanical, cruelty-free and made in India.</p>",CHIC The Botanical Beauty,Health & Beauty > Personal Care > Hair Care,Hair Care,"Hair Care, Accessories, Massager, Scalp Care",true,Title,Default Title,,,,,,,,CHIC-004,0,shopify,100,deny,manual,359.00,499.00,true,true,,,,,,https://cdn.shopify.com/s/files/1/1026/6145/6240/files/Screenshot2026-07-10180140.png?v=1783686728,1,Black Premium Plastic Head Massager Pack Of 5 - CHIC The Botanical Beauty,false,Black Premium Plastic Head Massager Pack Of 5 | CHIC The Botanical Bea,A pack of five premium scalp massagers that turn every hair-oil ritual into a spa moment. Flexible bristles stimulate the scalp and boost circulation.,,g,,,active
black-premium-plastic-head-massager-pack-of-5,,,,,,,,,,,,,,,,,,,,,,,,,,,,,,,,https://cdn.shopify.com/s/files/1/1026/6145/6240/files/Screenshot2026-07-10180149.png?v=1783686728,2,Black Premium Plastic Head Massager Pack Of 5 - CHIC The Botanical Beauty,,,,,,,,
chic-luxury-botanical-beauty-hamper-perfect-skincare-gift-set,CHIC Luxury Botanical Beauty Hamper | Perfect Skincare Gift Set,"<h2>A gift of nature, for all skin types</h2><p>The CHIC Luxury Botanical Beauty Hamper brings together our Probiotic Facewash, SuryaVeda Sunscreen, Body Yogurt and a free Aloe Vera Gel in a premium gift box — a gift of nature, for all skin types.</p><h3>Why you’ll love it</h3><ul><li>Curated skin & body care in one premium box</li><li>Deep hydration and pore minimising (Aloe Gel)</li><li>Gentle cleansing and microbiome support (Facewash)</li><li>Complete suncare with SuryaVeda SPF 50</li></ul><h3>Key botanicals</h3><p>Aloe Vera, Probiotics, Hyaluronic Acid, Kokum & Jojoba</p><h3>How to use</h3><p>Cleanse, protect with sunscreen by day, and moisturise with body yogurt daily. Aloe gel soothes skin any time.</p><h3>Care</h3><p>Store in a cool, dry place away from direct sunlight. Patch-test before first use. For external use only. 100% botanical, cruelty-free and made in India.</p>",CHIC The Botanical Beauty,Health & Beauty > Personal Care > Cosmetics > Cosmetic & Toiletry Bags,Gift Set,"Gift Sets, Hamper, Skin Care, Best Seller",true,Title,Default Title,,,,,,,,CHIC-005,0,shopify,100,deny,manual,799.00,1049.00,true,true,,,,,,https://cdn.shopify.com/s/files/1/1026/6145/6240/files/Screenshot2026-07-10174900.png?v=1783686040,1,CHIC Luxury Botanical Beauty Hamper | Perfect Skincare Gift Set - CHIC The Botanical Beauty,false,CHIC Luxury Botanical Beauty Hamper | Perfect Skincare Gift Set | CHIC,"The CHIC Luxury Botanical Beauty Hamper brings together our Probiotic Facewash, SuryaVeda Sunscreen, Body Yogurt and a free Aloe Vera Gel in a premium gift box — a gift of nature, for all skin types.",,g,,,active
chic-luxury-botanical-beauty-hamper-perfect-skincare-gift-set,,,,,,,,,,,,,,,,,,,,,,,,,,,,,,,,https://cdn.shopify.com/s/files/1/1026/6145/6240/files/Screenshot2026-07-10174906.png?v=1783686040,2,CHIC Luxury Botanical Beauty Hamper | Perfect Skincare Gift Set - CHIC The Botanical Beauty,,,,,,,,
chic-luxury-botanical-beauty-hamper-perfect-skincare-gift-set,,,,,,,,,,,,,,,,,,,,,,,,,,,,,,,,https://cdn.shopify.com/s/files/1/1026/6145/6240/files/Screenshot2026-07-10174923.png?v=1783686039,3,CHIC Luxury Botanical Beauty Hamper | Perfect Skincare Gift Set - CHIC The Botanical Beauty,,,,,,,,
chic-luxury-botanical-beauty-hamper-perfect-skincare-gift-set,,,,,,,,,,,,,,,,,,,,,,,,,,,,,,,,https://cdn.shopify.com/s/files/1/1026/6145/6240/files/Screenshot2026-07-10174932.png?v=1783686040,4,CHIC Luxury Botanical Beauty Hamper | Perfect Skincare Gift Set - CHIC The Botanical Beauty,,,,,,,,
chic-luxury-botanical-beauty-hamper-perfect-skincare-gift-set,,,,,,,,,,,,,,,,,,,,,,,,,,,,,,,,https://cdn.shopify.com/s/files/1/1026/6145/6240/files/Screenshot2026-07-10174938.png?v=1783686039,5,CHIC Luxury Botanical Beauty Hamper | Perfect Skincare Gift Set - CHIC The Botanical Beauty,,,,,,,,
chic-luxury-botanical-beauty-hamper-perfect-skincare-gift-set,,,,,,,,,,,,,,,,,,,,,,,,,,,,,,,,https://cdn.shopify.com/s/files/1/1026/6145/6240/files/Screenshot2026-07-10174946.png?v=1783686039,6,CHIC Luxury Botanical Beauty Hamper | Perfect Skincare Gift Set - CHIC The Botanical Beauty,,,,,,,,
chic-luxury-botanical-beauty-hamper-perfect-skincare-gift-set,,,,,,,,,,,,,,,,,,,,,,,,,,,,,,,,https://cdn.shopify.com/s/files/1/1026/6145/6240/files/Screenshot2026-07-10175017.png?v=1783686040,7,CHIC Luxury Botanical Beauty Hamper | Perfect Skincare Gift Set - CHIC The Botanical Beauty,,,,,,,,
clear-skin-defence-combo-fades-dark-spots-prevents-sun-damage-even-skin-tone-all-day-care,Clear Skin Defence Combo | Fades Dark Spots | Prevents Sun Damage | Even Skin Tone | All Day Care,"<h2>Fade the spots. Block the sun. Keep the glow.</h2><p>Your all-day defence against dark spots and sun damage. This combo pairs AyuraBright Pigmentation Correcting Cream with SuryaVeda SPF 50 to fade existing spots while preventing new ones.</p><h3>Why you’ll love it</h3><ul><li>Fades dark spots and pigmentation</li><li>SPF 50 PA+++ prevents sun damage</li><li>Evens skin tone with daily use</li><li>Morning-to-night care in two steps</li></ul><h3>Key botanicals</h3><p>Herbal brightening extracts, Hyaluronic Acid, Aloe Vera, mineral UV filters</p><h3>How to use</h3><p>Apply AyuraBright cream on cleansed skin, then finish with SuryaVeda sunscreen every morning. Reapply sunscreen as needed.</p><h3>Care</h3><p>Store in a cool, dry place away from direct sunlight. Patch-test before first use. For external use only. 100% botanical, cruelty-free and made in India.</p>",CHIC The Botanical Beauty,Health & Beauty > Personal Care > Cosmetics > Skin Care,Combo,"Combo, Skin Care, Sunscreen, Pigmentation",true,Title,Default Title,,,,,,,,CHIC-006,0,shopify,100,deny,manual,799.00,1049.00,true,true,,,,,,https://cdn.shopify.com/s/files/1/1026/6145/6240/files/Screenshot2026-07-10174701.png?v=1783685841,1,Clear Skin Defence Combo | Fades Dark Spots | Prevents Sun Damage | Even Skin Tone | All Day Care - CHIC The Botanical Beauty,false,Clear Skin Defence Combo | Fades Dark Spots | Prevents Sun Damage | Ev,Your all-day defence against dark spots and sun damage. This combo pairs AyuraBright Pigmentation Correcting Cream with SuryaVeda SPF 50 to fade existing spots while preventing new ones.,,g,,,active
probiotic-face-wash-pack-of-2,Probiotic Face Wash Pack Of 2,"<h2>The microbiome-friendly cleanse your skin loves</h2><p>Our bestselling Probiotic Facewash in a value pack of two. Enriched with probiotics, hyaluronic acid and niacinamide, it cleanses deeply while protecting your skin's natural microbiome.</p><h3>Why you’ll love it</h3><ul><li>Gently removes dirt and excess oil without stripping</li><li>Probiotics balance and strengthen the skin barrier</li><li>Hyaluronic acid keeps skin plump and hydrated</li><li>Suitable for all skin types, twice-daily use</li></ul><h3>Key botanicals</h3><p>Probiotics, Hyaluronic Acid, Niacinamide</p><h3>How to use</h3><p>Massage a coin-sized amount onto damp face for 30–60 seconds, rinse and pat dry. Use morning and night.</p><h3>Care</h3><p>Store in a cool, dry place away from direct sunlight. Patch-test before first use. For external use only. 100% botanical, cruelty-free and made in India.</p>",CHIC The Botanical Beauty,Health & Beauty > Personal Care > Cosmetics > Skin Care,Skin Care,"Skin Care, Face Wash, Probiotic, Best Seller",true,Title,Default Title,,,,,,,,CHIC-007,0,shopify,100,deny,manual,399.00,549.00,true,true,,,,,,https://cdn.shopify.com/s/files/1/1026/6145/6240/files/Screenshot2026-07-10174352.png?v=1783685726,1,Probiotic Face Wash Pack Of 2 - CHIC The Botanical Beauty,false,Probiotic Face Wash Pack Of 2 | CHIC The Botanical Beauty,"Our bestselling Probiotic Facewash in a value pack of two. Enriched with probiotics, hyaluronic acid and niacinamide, it cleanses deeply while protecting your skin's natural microbiome.",,g,,,active
probiotic-face-wash-pack-of-2,,,,,,,,,,,,,,,,,,,,,,,,,,,,,,,,https://cdn.shopify.com/s/files/1/1026/6145/6240/files/Screenshot2026-07-10174359.png?v=1783685726,2,Probiotic Face Wash Pack Of 2 - CHIC The Botanical Beauty,,,,,,,,
probiotic-face-wash-pack-of-2,,,,,,,,,,,,,,,,,,,,,,,,,,,,,,,,https://cdn.shopify.com/s/files/1/1026/6145/6240/files/Screenshot2026-07-10174411.png?v=1783685726,3,Probiotic Face Wash Pack Of 2 - CHIC The Botanical Beauty,,,,,,,,
probiotic-face-wash-pack-of-2,,,,,,,,,,,,,,,,,,,,,,,,,,,,,,,,https://cdn.shopify.com/s/files/1/1026/6145/6240/files/Screenshot2026-07-10174426.png?v=1783685726,4,Probiotic Face Wash Pack Of 2 - CHIC The Botanical Beauty,,,,,,,,
probiotic-face-wash-pack-of-2,,,,,,,,,,,,,,,,,,,,,,,,,,,,,,,,https://cdn.shopify.com/s/files/1/1026/6145/6240/files/Screenshot2026-07-10174434.png?v=1783685726,5,Probiotic Face Wash Pack Of 2 - CHIC The Botanical Beauty,,,,,,,,
probiotic-face-wash-pack-of-2,,,,,,,,,,,,,,,,,,,,,,,,,,,,,,,,https://cdn.shopify.com/s/files/1/1026/6145/6240/files/Screenshot2026-07-10174450.png?v=1783685726,6,Probiotic Face Wash Pack Of 2 - CHIC The Botanical Beauty,,,,,,,,
probiotic-face-wash-pack-of-2,,,,,,,,,,,,,,,,,,,,,,,,,,,,,,,,https://cdn.shopify.com/s/files/1/1026/6145/6240/files/Screenshot2026-07-10174459.png?v=1783685726,7,Probiotic Face Wash Pack Of 2 - CHIC The Botanical Beauty,,,,,,,,
natural-pigmentation-repair-cream-and-herbal-hair-oil-with-comb-combo-set-pack-of-2,Natural Pigmentation Repair Cream And Herbal Hair Oil With Comb Combo Set Pack Of 2,"<h2>Even-toned skin meets stronger, shinier hair</h2><p>A skin-and-hair power duo: our Natural Pigmentation Repair Cream to visibly even skin tone, paired with Herbal Hair Oil with a wooden comb for stronger, shinier hair.</p><h3>Why you’ll love it</h3><ul><li>Visibly reduces dark spots and uneven tone</li><li>Herbal oil nourishes roots and reduces hair fall</li><li>Wooden comb helps distribute oil evenly</li><li>Complete beauty ritual at a value price</li></ul><h3>Key botanicals</h3><p>Herbal brightening extracts, cold-pressed botanical oils</p><h3>How to use</h3><p>Apply cream to cleansed skin at night. Massage oil into the scalp 1–2 hours before wash, using the comb to spread evenly.</p><h3>Care</h3><p>Store in a cool, dry place away from direct sunlight. Patch-test before first use. For external use only. 100% botanical, cruelty-free and made in India.</p>",CHIC The Botanical Beauty,Health & Beauty > Personal Care > Cosmetics > Skin Care,Combo,"Combo, Skin Care, Hair Care, Pigmentation, Hair Oil",true,Title,Default Title,,,,,,,,CHIC-008,0,shopify,100,deny,manual,599.00,799.00,true,true,,,,,,https://cdn.shopify.com/s/files/1/1026/6145/6240/files/Screenshot2026-07-10173556.png?v=1783685243,1,Natural Pigmentation Repair Cream And Herbal Hair Oil With Comb Combo Set Pack Of 2 - CHIC The Botanical Beauty,false,Natural Pigmentation Repair Cream And Herbal Hair Oil With Comb Combo ,"A skin-and-hair power duo: our Natural Pigmentation Repair Cream to visibly even skin tone, paired with Herbal Hair Oil with a wooden comb for stronger, shinier hair.",,g,,,active
natural-pigmentation-repair-cream-and-herbal-hair-oil-with-comb-combo-set-pack-of-2,,,,,,,,,,,,,,,,,,,,,,,,,,,,,,,,https://cdn.shopify.com/s/files/1/1026/6145/6240/files/Screenshot2026-07-10173601.png?v=1783685243,2,Natural Pigmentation Repair Cream And Herbal Hair Oil With Comb Combo Set Pack Of 2 - CHIC The Botanical Beauty,,,,,,,,
natural-pigmentation-repair-cream-and-herbal-hair-oil-with-comb-combo-set-pack-of-2,,,,,,,,,,,,,,,,,,,,,,,,,,,,,,,,https://cdn.shopify.com/s/files/1/1026/6145/6240/files/Screenshot2026-07-10173606.png?v=1783685243,3,Natural Pigmentation Repair Cream And Herbal Hair Oil With Comb Combo Set Pack Of 2 - CHIC The Botanical Beauty,,,,,,,,
natural-pigmentation-repair-cream-and-herbal-hair-oil-with-comb-combo-set-pack-of-2,,,,,,,,,,,,,,,,,,,,,,,,,,,,,,,,https://cdn.shopify.com/s/files/1/1026/6145/6240/files/Screenshot2026-07-10173613.png?v=1783685243,4,Natural Pigmentation Repair Cream And Herbal Hair Oil With Comb Combo Set Pack Of 2 - CHIC The Botanical Beauty,,,,,,,,
natural-pigmentation-repair-cream-and-herbal-hair-oil-with-comb-combo-set-pack-of-2,,,,,,,,,,,,,,,,,,,,,,,,,,,,,,,,https://cdn.shopify.com/s/files/1/1026/6145/6240/files/Screenshot2026-07-10173621.png?v=1783685243,5,Natural Pigmentation Repair Cream And Herbal Hair Oil With Comb Combo Set Pack Of 2 - CHIC The Botanical Beauty,,,,,,,,
natural-pigmentation-repair-cream-and-herbal-hair-oil-with-comb-combo-set-pack-of-2,,,,,,,,,,,,,,,,,,,,,,,,,,,,,,,,https://cdn.shopify.com/s/files/1/1026/6145/6240/files/Screenshot2026-07-10173633.png?v=1783685243,6,Natural Pigmentation Repair Cream And Herbal Hair Oil With Comb Combo Set Pack Of 2 - CHIC The Botanical Beauty,,,,,,,,
natural-pigmentation-repair-cream-and-herbal-hair-oil-with-comb-combo-set-pack-of-2,,,,,,,,,,,,,,,,,,,,,,,,,,,,,,,,https://cdn.shopify.com/s/files/1/1026/6145/6240/files/Screenshot2026-07-10173642.png?v=1783685243,7,Natural Pigmentation Repair Cream And Herbal Hair Oil With Comb Combo Set Pack Of 2 - CHIC The Botanical Beauty,,,,,,,,
natural-pigmentation-repair-cream-and-herbal-hair-oil-with-comb-combo-set-pack-of-2,,,,,,,,,,,,,,,,,,,,,,,,,,,,,,,,https://cdn.shopify.com/s/files/1/1026/6145/6240/files/Screenshot2026-07-10173654.png?v=1783685243,8,Natural Pigmentation Repair Cream And Herbal Hair Oil With Comb Combo Set Pack Of 2 - CHIC The Botanical Beauty,,,,,,,,
the-3-step-clear-skin-kit,The 3-Step Clear Skin Kit,"<h2>Cleanse. Correct. Protect. Clear skin in 3 steps.</h2><p>Clear skin, simplified. Cleanse with the Probiotic Facewash, correct with AyuraBright cream, and protect with SuryaVeda SPF 50 — three steps, one routine, visible results.</p><h3>Why you’ll love it</h3><ul><li>Complete cleanse-correct-protect routine</li><li>Targets dullness, spots and sun damage</li><li>Gentle enough for daily use on all skin types</li></ul><h3>Key botanicals</h3><p>Probiotics, herbal brightening extracts, mineral UV filters</p><h3>How to use</h3><p>Step 1: cleanse. Step 2: apply correcting cream. Step 3: finish with SPF every morning.</p><h3>Care</h3><p>Store in a cool, dry place away from direct sunlight. Patch-test before first use. For external use only. 100% botanical, cruelty-free and made in India.</p>",CHIC The Botanical Beauty,Health & Beauty > Personal Care > Cosmetics > Skin Care,Kit,"Kit, Skin Care, Face Wash, Pigmentation, Sunscreen",true,Title,Default Title,,,,,,,,CHIC-009,0,shopify,100,deny,manual,999.00,1299.00,true,true,,,,,,https://cdn.shopify.com/s/files/1/1026/6145/6240/files/Screenshot2026-07-10173359.png?v=1783685051,1,The 3-Step Clear Skin Kit - CHIC The Botanical Beauty,false,The 3-Step Clear Skin Kit | CHIC The Botanical Beauty,"Clear skin, simplified. Cleanse with the Probiotic Facewash, correct with AyuraBright cream, and protect with SuryaVeda SPF 50 — three steps, one routine, visible results.",,g,,,active
aloe-vera-and-neem-face-and-body-scrub,Aloe Vera And Neem Face And Body Scrub,"<h2>Polished, purified skin the botanical way</h2><p>A purifying face and body scrub that buffs away dead cells with the antibacterial power of neem and the soothing touch of aloe vera. Skin feels polished, soft and fresh.</p><h3>Why you’ll love it</h3><ul><li>Gently exfoliates dead skin and tan</li><li>Neem purifies and helps prevent breakouts</li><li>Aloe vera soothes and hydrates while you scrub</li><li>Safe for face and body</li></ul><h3>Key botanicals</h3><p>Neem extract, Aloe Vera, natural exfoliants</p><h3>How to use</h3><p>Massage onto damp skin in circular motions 2–3 times a week, then rinse. Follow with moisturiser.</p><h3>Care</h3><p>Store in a cool, dry place away from direct sunlight. Patch-test before first use. For external use only. 100% botanical, cruelty-free and made in India.</p>",CHIC The Botanical Beauty,Health & Beauty > Personal Care > Cosmetics > Bath & Body,Body Care,"Body Care, Skin Care, Scrub, Neem, Aloe Vera",true,Title,Default Title,,,,,,,,CHIC-010,0,shopify,100,deny,manual,199.00,299.00,true,true,,,,,,https://cdn.shopify.com/s/files/1/1026/6145/6240/files/Screenshot2026-07-10173034.png?v=1783684933,1,Aloe Vera And Neem Face And Body Scrub - CHIC The Botanical Beauty,false,Aloe Vera And Neem Face And Body Scrub | CHIC The Botanical Beauty,"A purifying face and body scrub that buffs away dead cells with the antibacterial power of neem and the soothing touch of aloe vera. Skin feels polished, soft and fresh.",,g,,,active
aloe-vera-and-neem-face-and-body-scrub,,,,,,,,,,,,,,,,,,,,,,,,,,,,,,,,https://cdn.shopify.com/s/files/1/1026/6145/6240/files/Screenshot2026-07-10173047.png?v=1783684934,2,Aloe Vera And Neem Face And Body Scrub - CHIC The Botanical Beauty,,,,,,,,
aloe-vera-and-neem-face-and-body-scrub,,,,,,,,,,,,,,,,,,,,,,,,,,,,,,,,https://cdn.shopify.com/s/files/1/1026/6145/6240/files/Screenshot2026-07-10173053.png?v=1783684934,3,Aloe Vera And Neem Face And Body Scrub - CHIC The Botanical Beauty,,,,,,,,
aloe-vera-and-neem-face-and-body-scrub,,,,,,,,,,,,,,,,,,,,,,,,,,,,,,,,https://cdn.shopify.com/s/files/1/1026/6145/6240/files/Screenshot2026-07-10173114.png?v=1783684933,4,Aloe Vera And Neem Face And Body Scrub - CHIC The Botanical Beauty,,,,,,,,
aloe-vera-and-neem-face-and-body-scrub,,,,,,,,,,,,,,,,,,,,,,,,,,,,,,,,https://cdn.shopify.com/s/files/1/1026/6145/6240/files/Screenshot_2026-07-10_173237.png?v=1783684979,5,Aloe Vera And Neem Face And Body Scrub - CHIC The Botanical Beauty,,,,,,,,
body-yogurt-moisturizer-with-kokum-and-jojoba-seeds-and-natural-pigmentation-repair-cream-combo-set-pack-of-2,Body Yogurt Moisturizer With Kokum And Jojoba Seeds And Natural Pigmentation Repair Cream Combo Set Pack Of 2,"<h2>Deep nourishment meets visible correction</h2><p>Deep nourishment meets visible correction. Our whipped Body Yogurt with kokum and jojoba pairs with the Natural Pigmentation Repair Cream for soft, even-toned skin from face to toe.</p><h3>Why you’ll love it</h3><ul><li>48-hour deep moisturisation for the body</li><li>Visibly fades dark spots and patches</li><li>Fast-absorbing, non-sticky formulas</li></ul><h3>Key botanicals</h3><p>Kokum Butter, Jojoba Seeds, herbal brightening extracts</p><h3>How to use</h3><p>Apply body yogurt all over after bathing. Use the repair cream on cleansed face and affected areas nightly.</p><h3>Care</h3><p>Store in a cool, dry place away from direct sunlight. Patch-test before first use. For external use only. 100% botanical, cruelty-free and made in India.</p>",CHIC The Botanical Beauty,Health & Beauty > Personal Care > Cosmetics > Skin Care,Combo,"Combo, Body Care, Skin Care, Pigmentation, Best Seller",true,Title,Default Title,,,,,,,,CHIC-011,0,shopify,100,deny,manual,599.00,799.00,true,true,,,,,,https://cdn.shopify.com/s/files/1/1026/6145/6240/files/Screenshot2026-07-10172543.png?v=1783684622,1,Body Yogurt Moisturizer With Kokum And Jojoba Seeds And Natural Pigmentation Repair Cream Combo Set Pack Of 2 - CHIC The Botanical Beauty,false,Body Yogurt Moisturizer With Kokum And Jojoba Seeds And Natural Pigmen,"Deep nourishment meets visible correction. Our whipped Body Yogurt with kokum and jojoba pairs with the Natural Pigmentation Repair Cream for soft, even-toned skin from face to toe.",,g,,,active
body-yogurt-moisturizer-with-kokum-and-jojoba-seeds-and-natural-pigmentation-repair-cream-combo-set-pack-of-2,,,,,,,,,,,,,,,,,,,,,,,,,,,,,,,,https://cdn.shopify.com/s/files/1/1026/6145/6240/files/Screenshot2026-07-10172551.png?v=1783684622,2,Body Yogurt Moisturizer With Kokum And Jojoba Seeds And Natural Pigmentation Repair Cream Combo Set Pack Of 2 - CHIC The Botanical Beauty,,,,,,,,
body-yogurt-moisturizer-with-kokum-and-jojoba-seeds-and-natural-pigmentation-repair-cream-combo-set-pack-of-2,,,,,,,,,,,,,,,,,,,,,,,,,,,,,,,,https://cdn.shopify.com/s/files/1/1026/6145/6240/files/Screenshot2026-07-10172602.png?v=1783684622,3,Body Yogurt Moisturizer With Kokum And Jojoba Seeds And Natural Pigmentation Repair Cream Combo Set Pack Of 2 - CHIC The Botanical Beauty,,,,,,,,
body-yogurt-moisturizer-with-kokum-and-jojoba-seeds-and-natural-pigmentation-repair-cream-combo-set-pack-of-2,,,,,,,,,,,,,,,,,,,,,,,,,,,,,,,,https://cdn.shopify.com/s/files/1/1026/6145/6240/files/Screenshot2026-07-10172613.png?v=1783684622,4,Body Yogurt Moisturizer With Kokum And Jojoba Seeds And Natural Pigmentation Repair Cream Combo Set Pack Of 2 - CHIC The Botanical Beauty,,,,,,,,
body-yogurt-moisturizer-with-kokum-and-jojoba-seeds-and-natural-pigmentation-repair-cream-combo-set-pack-of-2,,,,,,,,,,,,,,,,,,,,,,,,,,,,,,,,https://cdn.shopify.com/s/files/1/1026/6145/6240/files/Screenshot2026-07-10172620.png?v=1783684622,5,Body Yogurt Moisturizer With Kokum And Jojoba Seeds And Natural Pigmentation Repair Cream Combo Set Pack Of 2 - CHIC The Botanical Beauty,,,,,,,,
body-yogurt-moisturizer-with-kokum-and-jojoba-seeds-and-natural-pigmentation-repair-cream-combo-set-pack-of-2,,,,,,,,,,,,,,,,,,,,,,,,,,,,,,,,https://cdn.shopify.com/s/files/1/1026/6145/6240/files/Screenshot2026-07-10172625.png?v=1783684622,6,Body Yogurt Moisturizer With Kokum And Jojoba Seeds And Natural Pigmentation Repair Cream Combo Set Pack Of 2 - CHIC The Botanical Beauty,,,,,,,,
body-yogurt-moisturizer-with-kokum-and-jojoba-seeds-and-natural-pigmentation-repair-cream-combo-set-pack-of-2,,,,,,,,,,,,,,,,,,,,,,,,,,,,,,,,https://cdn.shopify.com/s/files/1/1026/6145/6240/files/Screenshot2026-07-10172634.png?v=1783684621,7,Body Yogurt Moisturizer With Kokum And Jojoba Seeds And Natural Pigmentation Repair Cream Combo Set Pack Of 2 - CHIC The Botanical Beauty,,,,,,,,
aloe-vera-and-neem-face-and-body-scrub-with-aloe-vera-gel-combo,Aloe Vera And Neem Face And Body Scrub With Aloe Vera Gel Combo,"<h2>Exfoliate gently, soothe deeply</h2><p>Polish, then soothe. The Aloe Vera & Neem Scrub lifts away dullness while 99% pure Aloe Vera Gel calms, cools and hydrates freshly exfoliated skin.</p><h3>Why you’ll love it</h3><ul><li>Exfoliates and purifies in one step</li><li>Aloe gel locks in soothing hydration</li><li>Great for tan removal and rough patches</li></ul><h3>Key botanicals</h3><p>Neem extract, 99% pure Aloe Vera</p><h3>How to use</h3><p>Scrub damp skin 2–3 times weekly and rinse. Apply aloe gel after scrubbing, after sun, or anytime skin needs calm.</p><h3>Care</h3><p>Store in a cool, dry place away from direct sunlight. Patch-test before first use. For external use only. 100% botanical, cruelty-free and made in India.</p>",CHIC The Botanical Beauty,Health & Beauty > Personal Care > Cosmetics > Skin Care,Combo,"Combo, Body Care, Scrub, Aloe Vera, Neem",true,Title,Default Title,,,,,,,,CHIC-012,0,shopify,100,deny,manual,299.00,399.00,true,true,,,,,,https://cdn.shopify.com/s/files/1/1026/6145/6240/files/Screenshot2026-07-10172208.png?v=1783684438,1,Aloe Vera And Neem Face And Body Scrub With Aloe Vera Gel Combo - CHIC The Botanical Beauty,false,Aloe Vera And Neem Face And Body Scrub With Aloe Vera Gel Combo | CHIC,"Polish, then soothe. The Aloe Vera & Neem Scrub lifts away dullness while 99% pure Aloe Vera Gel calms, cools and hydrates freshly exfoliated skin.",,g,,,active
aloe-vera-and-neem-face-and-body-scrub-with-aloe-vera-gel-combo,,,,,,,,,,,,,,,,,,,,,,,,,,,,,,,,https://cdn.shopify.com/s/files/1/1026/6145/6240/files/Screenshot2026-07-10172215.png?v=1783684438,2,Aloe Vera And Neem Face And Body Scrub With Aloe Vera Gel Combo - CHIC The Botanical Beauty,,,,,,,,
aloe-vera-and-neem-face-and-body-scrub-with-aloe-vera-gel-combo,,,,,,,,,,,,,,,,,,,,,,,,,,,,,,,,https://cdn.shopify.com/s/files/1/1026/6145/6240/files/Screenshot2026-07-10172239.png?v=1783684438,3,Aloe Vera And Neem Face And Body Scrub With Aloe Vera Gel Combo - CHIC The Botanical Beauty,,,,,,,,
aloe-vera-and-neem-face-and-body-scrub-with-aloe-vera-gel-combo,,,,,,,,,,,,,,,,,,,,,,,,,,,,,,,,https://cdn.shopify.com/s/files/1/1026/6145/6240/files/Screenshot2026-07-10172246.png?v=1783684438,4,Aloe Vera And Neem Face And Body Scrub With Aloe Vera Gel Combo - CHIC The Botanical Beauty,,,,,,,,
aloe-vera-and-neem-face-and-body-scrub-with-aloe-vera-gel-combo,,,,,,,,,,,,,,,,,,,,,,,,,,,,,,,,https://cdn.shopify.com/s/files/1/1026/6145/6240/files/Screenshot2026-07-10172253.png?v=1783684438,5,Aloe Vera And Neem Face And Body Scrub With Aloe Vera Gel Combo - CHIC The Botanical Beauty,,,,,,,,
aloe-vera-and-neem-face-and-body-scrub-with-aloe-vera-gel-combo,,,,,,,,,,,,,,,,,,,,,,,,,,,,,,,,https://cdn.shopify.com/s/files/1/1026/6145/6240/files/Screenshot2026-07-10172301.png?v=1783684438,6,Aloe Vera And Neem Face And Body Scrub With Aloe Vera Gel Combo - CHIC The Botanical Beauty,,,,,,,,
aloe-vera-and-neem-face-and-body-scrub-with-aloe-vera-gel-combo,,,,,,,,,,,,,,,,,,,,,,,,,,,,,,,,https://cdn.shopify.com/s/files/1/1026/6145/6240/files/Screenshot2026-07-10172309.png?v=1783684438,7,Aloe Vera And Neem Face And Body Scrub With Aloe Vera Gel Combo - CHIC The Botanical Beauty,,,,,,,,
aloe-vera-and-neem-face-and-body-scrub-with-aloe-vera-gel-combo,,,,,,,,,,,,,,,,,,,,,,,,,,,,,,,,https://cdn.shopify.com/s/files/1/1026/6145/6240/files/Screenshot2026-07-10172316.png?v=1783684438,8,Aloe Vera And Neem Face And Body Scrub With Aloe Vera Gel Combo - CHIC The Botanical Beauty,,,,,,,,
body-yogurt-moisturizer-with-kokum-and-jojoba-seeds-and-herbal-hair-oil-with-comb,Body Yogurt Moisturizer With Kokum And Jojoba Seeds And Herbal Hair Oil With Comb,"<h2>Softer skin and healthier hair, in one set</h2><p>Head-to-toe nourishment in one set: whipped Body Yogurt with kokum and jojoba for the skin, plus Herbal Hair Oil with a wooden comb for a healthy scalp.</p><h3>Why you’ll love it</h3><ul><li>Long-lasting body moisturisation</li><li>Strengthens hair from root to tip</li><li>Non-sticky, fast-absorbing formulas</li></ul><h3>Key botanicals</h3><p>Kokum Butter, Jojoba Seeds, cold-pressed herbal oils</p><h3>How to use</h3><p>Massage body yogurt on damp skin daily. Oil the scalp 1–2 hours before wash, 2–3 times a week.</p><h3>Care</h3><p>Store in a cool, dry place away from direct sunlight. Patch-test before first use. For external use only. 100% botanical, cruelty-free and made in India.</p>",CHIC The Botanical Beauty,Health & Beauty > Personal Care > Cosmetics > Skin Care,Combo,"Combo, Body Care, Hair Care, Best Seller",true,Title,Default Title,,,,,,,,CHIC-013,0,shopify,100,deny,manual,599.00,799.00,true,true,,,,,,https://cdn.shopify.com/s/files/1/1026/6145/6240/files/Screenshot2026-07-10171835.png?v=1783684230,1,Body Yogurt Moisturizer With Kokum And Jojoba Seeds And Herbal Hair Oil With Comb - CHIC The Botanical Beauty,false,Body Yogurt Moisturizer With Kokum And Jojoba Seeds And Herbal Hair Oi,"Head-to-toe nourishment in one set: whipped Body Yogurt with kokum and jojoba for the skin, plus Herbal Hair Oil with a wooden comb for a healthy scalp.",,g,,,active
body-yogurt-moisturizer-with-kokum-and-jojoba-seeds-and-herbal-hair-oil-with-comb,,,,,,,,,,,,,,,,,,,,,,,,,,,,,,,,https://cdn.shopify.com/s/files/1/1026/6145/6240/files/Screenshot2026-07-10171843.png?v=1783684230,2,Body Yogurt Moisturizer With Kokum And Jojoba Seeds And Herbal Hair Oil With Comb - CHIC The Botanical Beauty,,,,,,,,
body-yogurt-moisturizer-with-kokum-and-jojoba-seeds-and-herbal-hair-oil-with-comb,,,,,,,,,,,,,,,,,,,,,,,,,,,,,,,,https://cdn.shopify.com/s/files/1/1026/6145/6240/files/Screenshot2026-07-10171852.png?v=1783684231,3,Body Yogurt Moisturizer With Kokum And Jojoba Seeds And Herbal Hair Oil With Comb - CHIC The Botanical Beauty,,,,,,,,
body-yogurt-moisturizer-with-kokum-and-jojoba-seeds-and-herbal-hair-oil-with-comb,,,,,,,,,,,,,,,,,,,,,,,,,,,,,,,,https://cdn.shopify.com/s/files/1/1026/6145/6240/files/Screenshot2026-07-10171901.png?v=1783684230,4,Body Yogurt Moisturizer With Kokum And Jojoba Seeds And Herbal Hair Oil With Comb - CHIC The Botanical Beauty,,,,,,,,
body-yogurt-moisturizer-with-kokum-and-jojoba-seeds-and-herbal-hair-oil-with-comb,,,,,,,,,,,,,,,,,,,,,,,,,,,,,,,,https://cdn.shopify.com/s/files/1/1026/6145/6240/files/Screenshot2026-07-10171915.png?v=1783684230,5,Body Yogurt Moisturizer With Kokum And Jojoba Seeds And Herbal Hair Oil With Comb - CHIC The Botanical Beauty,,,,,,,,
body-yogurt-moisturizer-with-kokum-and-jojoba-seeds-and-herbal-hair-oil-with-comb,,,,,,,,,,,,,,,,,,,,,,,,,,,,,,,,https://cdn.shopify.com/s/files/1/1026/6145/6240/files/Screenshot2026-07-10171923.png?v=1783684230,6,Body Yogurt Moisturizer With Kokum And Jojoba Seeds And Herbal Hair Oil With Comb - CHIC The Botanical Beauty,,,,,,,,
body-yogurt-moisturizer-with-kokum-and-jojoba-seeds-and-herbal-hair-oil-with-comb,,,,,,,,,,,,,,,,,,,,,,,,,,,,,,,,https://cdn.shopify.com/s/files/1/1026/6145/6240/files/Screenshot2026-07-10171933.png?v=1783684230,7,Body Yogurt Moisturizer With Kokum And Jojoba Seeds And Herbal Hair Oil With Comb - CHIC The Botanical Beauty,,,,,,,,
body-yogurt-moisturizer-with-kokum-and-jojoba-seeds-and-herbal-hair-oil-with-comb,,,,,,,,,,,,,,,,,,,,,,,,,,,,,,,,https://cdn.shopify.com/s/files/1/1026/6145/6240/files/Screenshot2026-07-10171940.png?v=1783684230,8,Body Yogurt Moisturizer With Kokum And Jojoba Seeds And Herbal Hair Oil With Comb - CHIC The Botanical Beauty,,,,,,,,
body-yogurt-moisturizer-with-kokum-and-jojoba-seeds-and-herbal-hair-oil-with-comb,,,,,,,,,,,,,,,,,,,,,,,,,,,,,,,,https://cdn.shopify.com/s/files/1/1026/6145/6240/files/Screenshot2026-07-10171948.png?v=1783684230,9,Body Yogurt Moisturizer With Kokum And Jojoba Seeds And Herbal Hair Oil With Comb - CHIC The Botanical Beauty,,,,,,,,
aloe-vera-and-neem-face-and-body-scrub-pack-of-2,Aloe Vera And Neem Face And Body Scrub Pack Of 2,"<h2>Your favourite botanical polish, twice over</h2><p>Our purifying Aloe Vera & Neem Face and Body Scrub, now in a value pack of two — one for the shower, one to share.</p><h3>Why you’ll love it</h3><ul><li>Buffs away dead skin and tan</li><li>Antibacterial neem keeps breakouts in check</li><li>Aloe vera soothes as you exfoliate</li></ul><h3>Key botanicals</h3><p>Neem extract, Aloe Vera, natural exfoliants</p><h3>How to use</h3><p>Massage onto damp skin in circles 2–3 times a week and rinse well.</p><h3>Care</h3><p>Store in a cool, dry place away from direct sunlight. Patch-test before first use. For external use only. 100% botanical, cruelty-free and made in India.</p>",CHIC The Botanical Beauty,Health & Beauty > Personal Care > Cosmetics > Bath & Body,Body Care,"Body Care, Scrub, Neem, Aloe Vera, Value Pack",true,Title,Default Title,,,,,,,,CHIC-014,0,shopify,100,deny,manual,359.00,499.00,true,true,,,,,,https://cdn.shopify.com/s/files/1/1026/6145/6240/files/Screenshot2026-07-10171545.png?v=1783684048,1,Aloe Vera And Neem Face And Body Scrub Pack Of 2 - CHIC The Botanical Beauty,false,Aloe Vera And Neem Face And Body Scrub Pack Of 2 | CHIC The Botanical ,"Our purifying Aloe Vera & Neem Face and Body Scrub, now in a value pack of two — one for the shower, one to share.",,g,,,active
aloe-vera-and-neem-face-and-body-scrub-pack-of-2,,,,,,,,,,,,,,,,,,,,,,,,,,,,,,,,https://cdn.shopify.com/s/files/1/1026/6145/6240/files/Screenshot2026-07-10171559.png?v=1783684048,2,Aloe Vera And Neem Face And Body Scrub Pack Of 2 - CHIC The Botanical Beauty,,,,,,,,
aloe-vera-and-neem-face-and-body-scrub-pack-of-2,,,,,,,,,,,,,,,,,,,,,,,,,,,,,,,,https://cdn.shopify.com/s/files/1/1026/6145/6240/files/Screenshot2026-07-10171606.png?v=1783684048,3,Aloe Vera And Neem Face And Body Scrub Pack Of 2 - CHIC The Botanical Beauty,,,,,,,,
aloe-vera-and-neem-face-and-body-scrub-pack-of-2,,,,,,,,,,,,,,,,,,,,,,,,,,,,,,,,https://cdn.shopify.com/s/files/1/1026/6145/6240/files/Screenshot2026-07-10171613.png?v=1783684048,4,Aloe Vera And Neem Face And Body Scrub Pack Of 2 - CHIC The Botanical Beauty,,,,,,,,
aloe-vera-and-neem-face-and-body-scrub-pack-of-2,,,,,,,,,,,,,,,,,,,,,,,,,,,,,,,,https://cdn.shopify.com/s/files/1/1026/6145/6240/files/Screenshot2026-07-10171624.png?v=1783684048,5,Aloe Vera And Neem Face And Body Scrub Pack Of 2 - CHIC The Botanical Beauty,,,,,,,,
aloe-vera-and-neem-face-and-body-scrub-pack-of-2,,,,,,,,,,,,,,,,,,,,,,,,,,,,,,,,https://cdn.shopify.com/s/files/1/1026/6145/6240/files/Screenshot2026-07-10171634.png?v=1783684048,6,Aloe Vera And Neem Face And Body Scrub Pack Of 2 - CHIC The Botanical Beauty,,,,,,,,
aloe-vera-and-neem-face-and-body-scrub-pack-of-2,,,,,,,,,,,,,,,,,,,,,,,,,,,,,,,,https://cdn.shopify.com/s/files/1/1026/6145/6240/files/Screenshot2026-07-10171644.png?v=1783684048,7,Aloe Vera And Neem Face And Body Scrub Pack Of 2 - CHIC The Botanical Beauty,,,,,,,,
aloe-vera-and-neem-face-and-body-scrub-pack-of-2,,,,,,,,,,,,,,,,,,,,,,,,,,,,,,,,https://cdn.shopify.com/s/files/1/1026/6145/6240/files/Screenshot2026-07-10171654.png?v=1783684048,8,Aloe Vera And Neem Face And Body Scrub Pack Of 2 - CHIC The Botanical Beauty,,,,,,,,
herbal-hair-oil-with-comb-pack-of-2,Herbal Hair Oil With Comb Pack Of 2,"<h2>Ayurvedic strength for your strands, doubled</h2><p>Double the nourishment: two bottles of our Ayurvedic Herbal Hair Oil, each with a wooden comb. A time-honoured blend of botanicals for stronger, shinier hair.</p><h3>Why you’ll love it</h3><ul><li>Reduces hair fall and breakage</li><li>Nourishes scalp and supports new growth</li><li>Adds natural shine without greasiness</li><li>Wooden combs distribute oil evenly</li></ul><h3>Key botanicals</h3><p>Cold-pressed oils infused with Ayurvedic herbs</p><h3>How to use</h3><p>Warm slightly and massage into the scalp. Leave for 1–2 hours (or overnight) before washing, 2–3 times a week.</p><h3>Care</h3><p>Store in a cool, dry place away from direct sunlight. Patch-test before first use. For external use only. 100% botanical, cruelty-free and made in India.</p>",CHIC The Botanical Beauty,Health & Beauty > Personal Care > Hair Care,Hair Care,"Hair Care, Hair Oil, Ayurvedic, Value Pack",true,Title,Default Title,,,,,,,,CHIC-015,0,shopify,100,deny,manual,549.00,749.00,true,true,,,,,,https://cdn.shopify.com/s/files/1/1026/6145/6240/files/Screenshot2026-07-10171053.png?v=1783683767,1,Herbal Hair Oil With Comb Pack Of 2 - CHIC The Botanical Beauty,false,Herbal Hair Oil With Comb Pack Of 2 | CHIC The Botanical Beauty,"Double the nourishment: two bottles of our Ayurvedic Herbal Hair Oil, each with a wooden comb. A time-honoured blend of botanicals for stronger, shinier hair.",,g,,,active
herbal-hair-oil-with-comb-pack-of-2,,,,,,,,,,,,,,,,,,,,,,,,,,,,,,,,https://cdn.shopify.com/s/files/1/1026/6145/6240/files/Screenshot2026-07-10171104.png?v=1783683767,2,Herbal Hair Oil With Comb Pack Of 2 - CHIC The Botanical Beauty,,,,,,,,
herbal-hair-oil-with-comb-pack-of-2,,,,,,,,,,,,,,,,,,,,,,,,,,,,,,,,https://cdn.shopify.com/s/files/1/1026/6145/6240/files/Screenshot2026-07-10171114.png?v=1783683767,3,Herbal Hair Oil With Comb Pack Of 2 - CHIC The Botanical Beauty,,,,,,,,
herbal-hair-oil-with-comb-pack-of-2,,,,,,,,,,,,,,,,,,,,,,,,,,,,,,,,https://cdn.shopify.com/s/files/1/1026/6145/6240/files/Screenshot2026-07-10171122.png?v=1783683767,4,Herbal Hair Oil With Comb Pack Of 2 - CHIC The Botanical Beauty,,,,,,,,
herbal-hair-oil-with-comb-pack-of-2,,,,,,,,,,,,,,,,,,,,,,,,,,,,,,,,https://cdn.shopify.com/s/files/1/1026/6145/6240/files/Screenshot2026-07-10171135.png?v=1783683767,5,Herbal Hair Oil With Comb Pack Of 2 - CHIC The Botanical Beauty,,,,,,,,
herbal-hair-oil-with-comb-pack-of-2,,,,,,,,,,,,,,,,,,,,,,,,,,,,,,,,https://cdn.shopify.com/s/files/1/1026/6145/6240/files/Screenshot2026-07-10171148.png?v=1783683767,6,Herbal Hair Oil With Comb Pack Of 2 - CHIC The Botanical Beauty,,,,,,,,
herbal-hair-oil-with-comb-pack-of-2,,,,,,,,,,,,,,,,,,,,,,,,,,,,,,,,https://cdn.shopify.com/s/files/1/1026/6145/6240/files/Screenshot2026-07-10171200.png?v=1783683767,7,Herbal Hair Oil With Comb Pack Of 2 - CHIC The Botanical Beauty,,,,,,,,
chic-botanical-beauty-sunscreen-body-yogurt-duo-deep-hydration-clean-formula-all-skin-types,CHIC Botanical Beauty: Sunscreen & Body Yogurt Duo | Deep Hydration | Clean Formula | All Skin Types,"<h2>Protected by day, nourished around the clock</h2><p>Protect by day, nourish always. SuryaVeda SPF 50 sunscreen and whipped Body Yogurt come together in a clean-formula duo for deeply hydrated, sun-safe skin.</p><h3>Why you’ll love it</h3><ul><li>SPF 50 PA+++ broad protection, no white cast</li><li>48-hour deep body hydration</li><li>Clean, lightweight, non-sticky formulas</li><li>All skin types, everyday use</li></ul><h3>Key botanicals</h3><p>Mineral UV filters, Hyaluronic Acid, Aloe Vera, Kokum & Jojoba</p><h3>How to use</h3><p>Apply sunscreen 15 minutes before sun exposure; reapply every 3–4 hours. Massage body yogurt on after bathing.</p><h3>Care</h3><p>Store in a cool, dry place away from direct sunlight. Patch-test before first use. For external use only. 100% botanical, cruelty-free and made in India.</p>",CHIC The Botanical Beauty,Health & Beauty > Personal Care > Cosmetics > Skin Care,Combo,"Combo, Sunscreen, Body Care, Best Seller",true,Title,Default Title,,,,,,,,CHIC-016,0,shopify,100,deny,manual,599.00,799.00,true,true,,,,,,https://cdn.shopify.com/s/files/1/1026/6145/6240/files/Screenshot2026-07-10170855.png?v=1783683570,1,CHIC Botanical Beauty: Sunscreen & Body Yogurt Duo | Deep Hydration | Clean Formula | All Skin Types - CHIC The Botanical Beauty,false,CHIC Botanical Beauty: Sunscreen & Body Yogurt Duo | Deep Hydration | ,"Protect by day, nourish always. SuryaVeda SPF 50 sunscreen and whipped Body Yogurt come together in a clean-formula duo for deeply hydrated, sun-safe skin.",,g,,,active
chic-botanical-beauty-sunscreen-body-yogurt-duo-deep-hydration-clean-formula-all-skin-types,,,,,,,,,,,,,,,,,,,,,,,,,,,,,,,,https://cdn.shopify.com/s/files/1/1026/6145/6240/files/Screenshot2026-07-10170905.png?v=1783683571,2,CHIC Botanical Beauty: Sunscreen & Body Yogurt Duo | Deep Hydration | Clean Formula | All Skin Types - CHIC The Botanical Beauty,,,,,,,,
chic-signature-beauty-collection-complete-glow-care-kit,CHIC Signature Beauty Collection — Complete Glow Care Kit,"<h2>The complete CHIC glow wardrobe</h2><p>The CHIC Signature Beauty Collection — our complete glow wardrobe. Every hero product from skincare to haircare in one grand, gift-worthy edit.</p><h3>Why you’ll love it</h3><ul><li>The complete CHIC ritual, end to end</li><li>Covers skin, hair and body care</li><li>A statement gift for someone special (or yourself)</li></ul><h3>Key botanicals</h3><p>Probiotics, Aloe Vera, Kokum, Jojoba, Ayurvedic herb blends</p><h3>How to use</h3><p>Follow the ritual card inside: cleanse, treat, protect and nourish daily; indulge in the masks and oils weekly.</p><h3>Care</h3><p>Store in a cool, dry place away from direct sunlight. Patch-test before first use. For external use only. 100% botanical, cruelty-free and made in India.</p>",CHIC The Botanical Beauty,Health & Beauty > Personal Care > Cosmetics > Cosmetic & Toiletry Bags,Gift Set,"Gift Sets, Luxury, Skin Care, Hair Care, Body Care",true,Title,Default Title,,,,,,,,CHIC-017,0,shopify,100,deny,manual,3399.00,4449.00,true,true,,,,,,https://cdn.shopify.com/s/files/1/1026/6145/6240/files/Screenshot2026-07-10170700.png?v=1783683454,1,CHIC Signature Beauty Collection — Complete Glow Care Kit - CHIC The Botanical Beauty,false,CHIC Signature Beauty Collection — Complete Glow Care Kit | CHIC The B,"The CHIC Signature Beauty Collection — our complete glow wardrobe. Every hero product from skincare to haircare in one grand, gift-worthy edit.",,g,,,active
chic-signature-beauty-collection-complete-glow-care-kit,,,,,,,,,,,,,,,,,,,,,,,,,,,,,,,,https://cdn.shopify.com/s/files/1/1026/6145/6240/files/Screenshot2026-07-10170716.png?v=1783683454,2,CHIC Signature Beauty Collection — Complete Glow Care Kit - CHIC The Botanical Beauty,,,,,,,,
suryaveda-ayurvedic-sunscreen-spf-50-pa-no-white-cast-hyaluronic-acid-aloe-vera-mineral-uv-filters-for-tweens-teenagers-all-skin-types,"Suryaveda Ayurvedic Sunscreen SPF 50 PA+++++ | No White Cast | Hyaluronic Acid, Aloe Vera & Mineral UV Filters | For Tweens, Teenagers & All Skin Types","<h2>SPF 50 sun defence, the Ayurvedic way</h2><p>SuryaVeda Ayurvedic Sunscreen SPF 50 PA+++ shields skin with mineral UV filters — no white cast, no heaviness. Hyaluronic acid and aloe vera keep skin hydrated while it protects.</p><h3>Why you’ll love it</h3><ul><li>Broad-spectrum SPF 50 PA+++ protection</li><li>Zero white cast, weightless finish</li><li>Hydrates with hyaluronic acid and aloe</li><li>Gentle enough for tweens and teenagers</li></ul><h3>Key botanicals</h3><p>Mineral UV filters, Hyaluronic Acid, Aloe Vera</p><h3>How to use</h3><p>Apply generously 15 minutes before stepping out. Reapply every 3–4 hours of sun exposure.</p><h3>Care</h3><p>Store in a cool, dry place away from direct sunlight. Patch-test before first use. For external use only. 100% botanical, cruelty-free and made in India.</p>",CHIC The Botanical Beauty,Health & Beauty > Personal Care > Cosmetics > Skin Care,Skin Care,"Skin Care, Sunscreen, SPF 50, Ayurvedic, Best Seller",true,Title,Default Title,,,,,,,,CHIC-018,0,shopify,100,deny,manual,399.00,549.00,true,true,,,,,,https://cdn.shopify.com/s/files/1/1026/6145/6240/files/Screenshot2026-07-10170420.png?v=1783683319,1,"Suryaveda Ayurvedic Sunscreen SPF 50 PA+++++ | No White Cast | Hyaluronic Acid, Aloe Vera & Mineral UV Filters | For Tweens, Teenagers & All Skin Types - CHIC The Botanical Beauty",false,Suryaveda Ayurvedic Sunscreen SPF 50 PA+++++ | No White Cast | Hyaluro,"SuryaVeda Ayurvedic Sunscreen SPF 50 PA+++ shields skin with mineral UV filters — no white cast, no heaviness. Hyaluronic acid and aloe vera keep skin hydrated while it protects.",,g,,,active
suryaveda-ayurvedic-sunscreen-spf-50-pa-no-white-cast-hyaluronic-acid-aloe-vera-mineral-uv-filters-for-tweens-teenagers-all-skin-types,,,,,,,,,,,,,,,,,,,,,,,,,,,,,,,,https://cdn.shopify.com/s/files/1/1026/6145/6240/files/Screenshot2026-07-10170427.png?v=1783683319,2,"Suryaveda Ayurvedic Sunscreen SPF 50 PA+++++ | No White Cast | Hyaluronic Acid, Aloe Vera & Mineral UV Filters | For Tweens, Teenagers & All Skin Types - CHIC The Botanical Beauty",,,,,,,,
suryaveda-ayurvedic-sunscreen-spf-50-pa-no-white-cast-hyaluronic-acid-aloe-vera-mineral-uv-filters-for-tweens-teenagers-all-skin-types,,,,,,,,,,,,,,,,,,,,,,,,,,,,,,,,https://cdn.shopify.com/s/files/1/1026/6145/6240/files/Screenshot2026-07-10170446.png?v=1783683319,3,"Suryaveda Ayurvedic Sunscreen SPF 50 PA+++++ | No White Cast | Hyaluronic Acid, Aloe Vera & Mineral UV Filters | For Tweens, Teenagers & All Skin Types - CHIC The Botanical Beauty",,,,,,,,
suryaveda-ayurvedic-sunscreen-spf-50-pa-no-white-cast-hyaluronic-acid-aloe-vera-mineral-uv-filters-for-tweens-teenagers-all-skin-types,,,,,,,,,,,,,,,,,,,,,,,,,,,,,,,,https://cdn.shopify.com/s/files/1/1026/6145/6240/files/Screenshot2026-07-10170455.png?v=1783683319,4,"Suryaveda Ayurvedic Sunscreen SPF 50 PA+++++ | No White Cast | Hyaluronic Acid, Aloe Vera & Mineral UV Filters | For Tweens, Teenagers & All Skin Types - CHIC The Botanical Beauty",,,,,,,,
ayurabright-ayurvedic-pigmentation-correcting-cream-reduces-dark-spots-tanning-uneven-skin-tone-herbal-extracts-for-all-skin-types-daily-use,"Ayurabright Ayurvedic Pigmentation Correcting Cream | Reduces Dark Spots, Tanning & Uneven Skin Tone | Herbal Extracts | For All Skin Types | Daily Use","<h2>Ancient herbs for visibly even-toned skin</h2><p>AyuraBright is an Ayurvedic pigmentation-correcting cream powered by herbal extracts. It works on dark spots, tanning and uneven tone — gently, every single day.</p><h3>Why you’ll love it</h3><ul><li>Visibly reduces dark spots and tanning</li><li>Evens and brightens skin tone</li><li>Herbal actives, safe for daily use</li><li>Suits all skin types</li></ul><h3>Key botanicals</h3><p>Ayurvedic herbal brightening extracts</p><h3>How to use</h3><p>Apply a thin layer on cleansed skin morning and night, focusing on pigmented areas. Use SPF during the day.</p><h3>Care</h3><p>Store in a cool, dry place away from direct sunlight. Patch-test before first use. For external use only. 100% botanical, cruelty-free and made in India.</p>",CHIC The Botanical Beauty,Health & Beauty > Personal Care > Cosmetics > Skin Care,Skin Care,"Skin Care, Pigmentation, Brightening, Ayurvedic",true,Title,Default Title,,,,,,,,CHIC-019,0,shopify,100,deny,manual,649.00,849.00,true,true,,,,,,https://cdn.shopify.com/s/files/1/1026/6145/6240/files/IMG-20260715-WA0018.jpg?v=1784120028,1,"Ayurabright Ayurvedic Pigmentation Correcting Cream | Reduces Dark Spots, Tanning & Uneven Skin Tone | Herbal Extracts | For All Skin Types | Daily Use - CHIC The Botanical Beauty",false,Ayurabright Ayurvedic Pigmentation Correcting Cream | Reduces Dark Spo,"AyuraBright is an Ayurvedic pigmentation-correcting cream powered by herbal extracts. It works on dark spots, tanning and uneven tone — gently, every single day.",,g,,,active
ayurabright-ayurvedic-pigmentation-correcting-cream-reduces-dark-spots-tanning-uneven-skin-tone-herbal-extracts-for-all-skin-types-daily-use,,,,,,,,,,,,,,,,,,,,,,,,,,,,,,,,https://cdn.shopify.com/s/files/1/1026/6145/6240/files/Screenshot2026-07-10165832.png?v=1783682992,2,"Ayurabright Ayurvedic Pigmentation Correcting Cream | Reduces Dark Spots, Tanning & Uneven Skin Tone | Herbal Extracts | For All Skin Types | Daily Use - CHIC The Botanical Beauty",,,,,,,,
ayurabright-ayurvedic-pigmentation-correcting-cream-reduces-dark-spots-tanning-uneven-skin-tone-herbal-extracts-for-all-skin-types-daily-use,,,,,,,,,,,,,,,,,,,,,,,,,,,,,,,,https://cdn.shopify.com/s/files/1/1026/6145/6240/files/Screenshot2026-07-10165842.png?v=1783682992,3,"Ayurabright Ayurvedic Pigmentation Correcting Cream | Reduces Dark Spots, Tanning & Uneven Skin Tone | Herbal Extracts | For All Skin Types | Daily Use - CHIC The Botanical Beauty",,,,,,,,
ayurabright-ayurvedic-pigmentation-correcting-cream-reduces-dark-spots-tanning-uneven-skin-tone-herbal-extracts-for-all-skin-types-daily-use,,,,,,,,,,,,,,,,,,,,,,,,,,,,,,,,https://cdn.shopify.com/s/files/1/1026/6145/6240/files/Screenshot2026-07-10165852.png?v=1783682992,4,"Ayurabright Ayurvedic Pigmentation Correcting Cream | Reduces Dark Spots, Tanning & Uneven Skin Tone | Herbal Extracts | For All Skin Types | Daily Use - CHIC The Botanical Beauty",,,,,,,,
ayurabright-ayurvedic-pigmentation-correcting-cream-reduces-dark-spots-tanning-uneven-skin-tone-herbal-extracts-for-all-skin-types-daily-use,,,,,,,,,,,,,,,,,,,,,,,,,,,,,,,,https://cdn.shopify.com/s/files/1/1026/6145/6240/files/Screenshot2026-07-10165901.png?v=1783682992,5,"Ayurabright Ayurvedic Pigmentation Correcting Cream | Reduces Dark Spots, Tanning & Uneven Skin Tone | Herbal Extracts | For All Skin Types | Daily Use - CHIC The Botanical Beauty",,,,,,,,
chic-botanical-beauty-ultimate-bodycare-ritual-combo-pigmentation-repair-body-yogurt-face-body-scrub-d-tan-clay-pack,Chic Botanical Beauty Ultimate Bodycare Ritual Combo | Pigmentation Repair + Body Yogurt + Face & Body Scrub + D-Tan Clay Pack,"<h2>A spa-grade body ritual, at home</h2><p>The Ultimate Bodycare Ritual: exfoliate with the Aloe-Neem scrub, detan with the clay pack, repair pigmentation, and seal it all in with whipped Body Yogurt.</p><h3>Why you’ll love it</h3><ul><li>Four-step spa-grade body ritual at home</li><li>Removes tan and polishes rough skin</li><li>Fades body pigmentation over time</li><li>Deep, lasting moisturisation</li></ul><h3>Key botanicals</h3><p>Neem, Aloe Vera, natural clays, Kokum Butter, herbal extracts</p><h3>How to use</h3><p>Weekly: scrub, then apply the D-tan clay pack for 15 minutes. Daily: repair cream on affected areas and body yogurt all over.</p><h3>Care</h3><p>Store in a cool, dry place away from direct sunlight. Patch-test before first use. For external use only. 100% botanical, cruelty-free and made in India.</p>",CHIC The Botanical Beauty,Health & Beauty > Personal Care > Cosmetics > Skin Care,Combo,"Combo, Body Care, D-Tan, Scrub, Best Seller",true,Title,Default Title,,,,,,,,CHIC-020,0,shopify,100,deny,manual,999.00,1299.00,true,true,,,,,,https://cdn.shopify.com/s/files/1/1026/6145/6240/files/Screenshot2026-07-10165523.png?v=1783682802,1,Chic Botanical Beauty Ultimate Bodycare Ritual Combo | Pigmentation Repair + Body Yogurt + Face & Body Scrub + D-Tan Clay Pack - CHIC The Botanical Beauty,false,Chic Botanical Beauty Ultimate Bodycare Ritual Combo | Pigmentation Re,"The Ultimate Bodycare Ritual: exfoliate with the Aloe-Neem scrub, detan with the clay pack, repair pigmentation, and seal it all in with whipped Body Yogurt.",,g,,,active
chic-botanical-beauty-ultimate-bodycare-ritual-combo-pigmentation-repair-body-yogurt-face-body-scrub-d-tan-clay-pack,,,,,,,,,,,,,,,,,,,,,,,,,,,,,,,,https://cdn.shopify.com/s/files/1/1026/6145/6240/files/Screenshot2026-07-10165529.png?v=1783682802,2,Chic Botanical Beauty Ultimate Bodycare Ritual Combo | Pigmentation Repair + Body Yogurt + Face & Body Scrub + D-Tan Clay Pack - CHIC The Botanical Beauty,,,,,,,,
chic-botanical-beauty-ultimate-bodycare-ritual-combo-pigmentation-repair-body-yogurt-face-body-scrub-d-tan-clay-pack,,,,,,,,,,,,,,,,,,,,,,,,,,,,,,,,https://cdn.shopify.com/s/files/1/1026/6145/6240/files/Screenshot2026-07-10165537.png?v=1783682802,3,Chic Botanical Beauty Ultimate Bodycare Ritual Combo | Pigmentation Repair + Body Yogurt + Face & Body Scrub + D-Tan Clay Pack - CHIC The Botanical Beauty,,,,,,,,
chic-botanical-beauty-ultimate-bodycare-ritual-combo-pigmentation-repair-body-yogurt-face-body-scrub-d-tan-clay-pack,,,,,,,,,,,,,,,,,,,,,,,,,,,,,,,,https://cdn.shopify.com/s/files/1/1026/6145/6240/files/Screenshot2026-07-10165544.png?v=1783682802,4,Chic Botanical Beauty Ultimate Bodycare Ritual Combo | Pigmentation Repair + Body Yogurt + Face & Body Scrub + D-Tan Clay Pack - CHIC The Botanical Beauty,,,,,,,,
chic-botanical-beauty-ultimate-bodycare-ritual-combo-pigmentation-repair-body-yogurt-face-body-scrub-d-tan-clay-pack,,,,,,,,,,,,,,,,,,,,,,,,,,,,,,,,https://cdn.shopify.com/s/files/1/1026/6145/6240/files/Screenshot2026-07-10165553.png?v=1783682802,5,Chic Botanical Beauty Ultimate Bodycare Ritual Combo | Pigmentation Repair + Body Yogurt + Face & Body Scrub + D-Tan Clay Pack - CHIC The Botanical Beauty,,,,,,,,
chic-botanical-beauty-ultimate-bodycare-ritual-combo-pigmentation-repair-body-yogurt-face-body-scrub-d-tan-clay-pack,,,,,,,,,,,,,,,,,,,,,,,,,,,,,,,,https://cdn.shopify.com/s/files/1/1026/6145/6240/files/Screenshot2026-07-10165602.png?v=1783682802,6,Chic Botanical Beauty Ultimate Bodycare Ritual Combo | Pigmentation Repair + Body Yogurt + Face & Body Scrub + D-Tan Clay Pack - CHIC The Botanical Beauty,,,,,,,,
natural-pigmentation-repair-cream,Natural Pigmentation Repair Cream,"<h2>Your daily answer to dark spots and patches</h2><p>Our classic Natural Pigmentation Repair Cream visibly fades dark spots, patches and uneven tone with a gentle, plant-based formula you can trust daily.</p><h3>Why you’ll love it</h3><ul><li>Targets stubborn dark spots and patches</li><li>Evens tone for a brighter complexion</li><li>Lightweight, non-greasy, daily-use formula</li></ul><h3>Key botanicals</h3><p>Natural brightening botanicals and herbal extracts</p><h3>How to use</h3><p>Dab onto cleansed skin over affected areas twice daily. Pair with sunscreen for best results.</p><h3>Care</h3><p>Store in a cool, dry place away from direct sunlight. Patch-test before first use. For external use only. 100% botanical, cruelty-free and made in India.</p>",CHIC The Botanical Beauty,Health & Beauty > Personal Care > Cosmetics > Skin Care,Skin Care,"Skin Care, Pigmentation, Brightening, Best Seller",true,Title,Default Title,,,,,,,,CHIC-021,0,shopify,100,deny,manual,290.00,399.00,true,true,,,,,,https://cdn.shopify.com/s/files/1/1026/6145/6240/files/Screenshot2026-07-10165249.png?v=1783682636,1,Natural Pigmentation Repair Cream - CHIC The Botanical Beauty,false,Natural Pigmentation Repair Cream | CHIC The Botanical Beauty,"Our classic Natural Pigmentation Repair Cream visibly fades dark spots, patches and uneven tone with a gentle, plant-based formula you can trust daily.",,g,,,active
natural-pigmentation-repair-cream,,,,,,,,,,,,,,,,,,,,,,,,,,,,,,,,https://cdn.shopify.com/s/files/1/1026/6145/6240/files/Screenshot2026-07-10165257.png?v=1783682636,2,Natural Pigmentation Repair Cream - CHIC The Botanical Beauty,,,,,,,,
natural-pigmentation-repair-cream,,,,,,,,,,,,,,,,,,,,,,,,,,,,,,,,https://cdn.shopify.com/s/files/1/1026/6145/6240/files/Screenshot2026-07-10165305.png?v=1783682636,3,Natural Pigmentation Repair Cream - CHIC The Botanical Beauty,,,,,,,,
natural-pigmentation-repair-cream,,,,,,,,,,,,,,,,,,,,,,,,,,,,,,,,https://cdn.shopify.com/s/files/1/1026/6145/6240/files/Screenshot2026-07-10165312.png?v=1783682636,4,Natural Pigmentation Repair Cream - CHIC The Botanical Beauty,,,,,,,,
natural-pigmentation-repair-cream,,,,,,,,,,,,,,,,,,,,,,,,,,,,,,,,https://cdn.shopify.com/s/files/1/1026/6145/6240/files/Screenshot2026-07-10165323.png?v=1783682636,5,Natural Pigmentation Repair Cream - CHIC The Botanical Beauty,,,,,,,,
natural-pigmentation-repair-cream,,,,,,,,,,,,,,,,,,,,,,,,,,,,,,,,https://cdn.shopify.com/s/files/1/1026/6145/6240/files/Screenshot2026-07-10165332.png?v=1783682636,6,Natural Pigmentation Repair Cream - CHIC The Botanical Beauty,,,,,,,,
handmade-kajal,Handmade Kajal,"<h2>Deep black definition, handmade the traditional way</h2><p>A smooth, deeply pigmented kajal made by hand the traditional way — with nourishing natural ingredients that are kind to delicate eyes.</p><h3>Why you’ll love it</h3><ul><li>Intense black payoff in one swipe</li><li>Handmade with natural, eye-safe ingredients</li><li>Soothes rather than irritates</li><li>Smudge-friendly, classic finish</li></ul><h3>Key botanicals</h3><p>Traditional natural waxes, oils and carbon black</p><h3>How to use</h3><p>Glide gently along the waterline or lash line. Remove with any facial oil or cleanser.</p><h3>Care</h3><p>Store in a cool, dry place away from direct sunlight. Patch-test before first use. For external use only. 100% botanical, cruelty-free and made in India.</p>",CHIC The Botanical Beauty,Health & Beauty > Personal Care > Cosmetics > Makeup > Eye Makeup,Makeup,"Makeup, Kajal, Handmade, Natural",true,Title,Default Title,,,,,,,,CHIC-022,0,shopify,100,deny,manual,199.00,299.00,true,true,,,,,,https://cdn.shopify.com/s/files/1/1026/6145/6240/files/Screenshot2026-07-10164952.png?v=1783682411,1,Handmade Kajal - CHIC The Botanical Beauty,false,Handmade Kajal | CHIC The Botanical Beauty,"A smooth, deeply pigmented kajal made by hand the traditional way — with nourishing natural ingredients that are kind to delicate eyes.",,g,,,active
handmade-kajal,,,,,,,,,,,,,,,,,,,,,,,,,,,,,,,,https://cdn.shopify.com/s/files/1/1026/6145/6240/files/Screenshot2026-07-10164958.png?v=1783682411,2,Handmade Kajal - CHIC The Botanical Beauty,,,,,,,,
pigmentation-repair-cream-and-aloe-vera-neem-scrub-combo,Pigmentation Repair Cream and Aloe Vera Neem Scrub Combo,"<h2>Two steps to clearer, brighter skin</h2><p>Exfoliate away dullness with the Aloe Vera & Neem Scrub, then let the Pigmentation Repair Cream work on spots and patches — a simple two-step path to clearer skin.</p><h3>Why you’ll love it</h3><ul><li>Scrub preps skin for better absorption</li><li>Cream fades spots and evens tone</li><li>Gentle, plant-powered pairing</li></ul><h3>Key botanicals</h3><p>Neem, Aloe Vera, natural brightening botanicals</p><h3>How to use</h3><p>Scrub 2–3 times weekly. Apply the repair cream daily on cleansed skin.</p><h3>Care</h3><p>Store in a cool, dry place away from direct sunlight. Patch-test before first use. For external use only. 100% botanical, cruelty-free and made in India.</p>",CHIC The Botanical Beauty,Health & Beauty > Personal Care > Cosmetics > Skin Care,Combo,"Combo, Skin Care, Pigmentation, Scrub",true,Title,Default Title,,,,,,,,CHIC-023,0,shopify,100,deny,manual,299.00,399.00,true,true,,,,,,https://cdn.shopify.com/s/files/1/1026/6145/6240/files/Screenshot2026-07-10164444.png?v=1783682099,1,Pigmentation Repair Cream and Aloe Vera Neem Scrub Combo - CHIC The Botanical Beauty,false,Pigmentation Repair Cream and Aloe Vera Neem Scrub Combo | CHIC The Bo,"Exfoliate away dullness with the Aloe Vera & Neem Scrub, then let the Pigmentation Repair Cream work on spots and patches — a simple two-step path to clearer skin.",,g,,,active
pigmentation-repair-cream-and-aloe-vera-neem-scrub-combo,,,,,,,,,,,,,,,,,,,,,,,,,,,,,,,,https://cdn.shopify.com/s/files/1/1026/6145/6240/files/Screenshot_2026-07-10_164542.png?v=1783682214,2,Pigmentation Repair Cream and Aloe Vera Neem Scrub Combo - CHIC The Botanical Beauty,,,,,,,,
pigmentation-repair-cream-and-aloe-vera-neem-scrub-combo,,,,,,,,,,,,,,,,,,,,,,,,,,,,,,,,https://cdn.shopify.com/s/files/1/1026/6145/6240/files/Screenshot_2026-07-10_164552.png?v=1783682213,3,Pigmentation Repair Cream and Aloe Vera Neem Scrub Combo - CHIC The Botanical Beauty,,,,,,,,
pigmentation-repair-cream-and-aloe-vera-neem-scrub-combo,,,,,,,,,,,,,,,,,,,,,,,,,,,,,,,,https://cdn.shopify.com/s/files/1/1026/6145/6240/files/Screenshot_2026-07-10_164559.png?v=1783682213,4,Pigmentation Repair Cream and Aloe Vera Neem Scrub Combo - CHIC The Botanical Beauty,,,,,,,,
pigmentation-repair-cream-and-aloe-vera-neem-scrub-combo,,,,,,,,,,,,,,,,,,,,,,,,,,,,,,,,https://cdn.shopify.com/s/files/1/1026/6145/6240/files/Screenshot_2026-07-10_164609.png?v=1783682213,5,Pigmentation Repair Cream and Aloe Vera Neem Scrub Combo - CHIC The Botanical Beauty,,,,,,,,
pigmentation-repair-cream-and-aloe-vera-neem-scrub-combo,,,,,,,,,,,,,,,,,,,,,,,,,,,,,,,,https://cdn.shopify.com/s/files/1/1026/6145/6240/files/Screenshot_2026-07-10_164619.png?v=1783682213,6,Pigmentation Repair Cream and Aloe Vera Neem Scrub Combo - CHIC The Botanical Beauty,,,,,,,,
pigmentation-repair-cream-and-aloe-vera-neem-scrub-combo,,,,,,,,,,,,,,,,,,,,,,,,,,,,,,,,https://cdn.shopify.com/s/files/1/1026/6145/6240/files/Screenshot_2026-07-10_164631.png?v=1783682213,7,Pigmentation Repair Cream and Aloe Vera Neem Scrub Combo - CHIC The Botanical Beauty,,,,,,,,
pigmentation-repair-cream-pack-of-2,Pigmentation Repair Cream Pack Of 2,"<h2>Keep the brightening ritual going</h2><p>Two jars of our bestselling Natural Pigmentation Repair Cream — keep your routine going without interruption, at a better value.</p><h3>Why you’ll love it</h3><ul><li>Visibly fades dark spots and patches</li><li>Evens and brightens skin tone</li><li>Value pack for uninterrupted daily use</li></ul><h3>Key botanicals</h3><p>Natural brightening botanicals and herbal extracts</p><h3>How to use</h3><p>Apply on cleansed skin twice daily over affected areas. Always follow with SPF in the morning.</p><h3>Care</h3><p>Store in a cool, dry place away from direct sunlight. Patch-test before first use. For external use only. 100% botanical, cruelty-free and made in India.</p>",CHIC The Botanical Beauty,Health & Beauty > Personal Care > Cosmetics > Skin Care,Skin Care,"Skin Care, Pigmentation, Value Pack",true,Title,Default Title,,,,,,,,CHIC-024,0,shopify,100,deny,manual,399.00,549.00,true,true,,,,,,https://cdn.shopify.com/s/files/1/1026/6145/6240/files/Screenshot2026-07-10164144.png?v=1783681980,1,Pigmentation Repair Cream Pack Of 2 - CHIC The Botanical Beauty,false,Pigmentation Repair Cream Pack Of 2 | CHIC The Botanical Beauty,"Two jars of our bestselling Natural Pigmentation Repair Cream — keep your routine going without interruption, at a better value.",,g,,,active
pigmentation-repair-cream-pack-of-2,,,,,,,,,,,,,,,,,,,,,,,,,,,,,,,,https://cdn.shopify.com/s/files/1/1026/6145/6240/files/Screenshot2026-07-10164153.png?v=1783681980,2,Pigmentation Repair Cream Pack Of 2 - CHIC The Botanical Beauty,,,,,,,,
pigmentation-repair-cream-pack-of-2,,,,,,,,,,,,,,,,,,,,,,,,,,,,,,,,https://cdn.shopify.com/s/files/1/1026/6145/6240/files/Screenshot2026-07-10164204.png?v=1783681980,3,Pigmentation Repair Cream Pack Of 2 - CHIC The Botanical Beauty,,,,,,,,
chic-botanical-hair-spa-ritual-combo-keratin-shampoo-spa-conditioner-herbal-hair-oil-scalp-massager,"Chic Botanical Hair Spa Ritual Combo | Keratin Shampoo, Spa Conditioner, Herbal Hair Oil + Scalp Massager","<h2>A complete salon hair spa, at home</h2><p>A complete salon hair spa at home: Keratin Shampoo, Spa Conditioner, Herbal Hair Oil and a Scalp Massager — four steps to visibly healthier, silkier hair.</p><h3>Why you’ll love it</h3><ul><li>Keratin cleanse repairs and smooths strands</li><li>Spa conditioner deep-nourishes and detangles</li><li>Herbal oil strengthens roots, reduces hair fall</li><li>Massager boosts circulation and relaxation</li></ul><h3>Key botanicals</h3><p>Keratin proteins, Ayurvedic herb-infused oils, botanical conditioners</p><h3>How to use</h3><p>Oil and massage the scalp 1–2 hours before washing. Shampoo, then condition mid-lengths to ends. Repeat 2–3 times weekly.</p><h3>Care</h3><p>Store in a cool, dry place away from direct sunlight. Patch-test before first use. For external use only. 100% botanical, cruelty-free and made in India.</p>",CHIC The Botanical Beauty,Health & Beauty > Personal Care > Hair Care,Hair Care,"Hair Care, Combo, Hair Spa, Keratin, Best Seller",true,Title,Default Title,,,,,,,,CHIC-025,0,shopify,100,deny,manual,799.00,1049.00,true,true,,,,,,https://cdn.shopify.com/s/files/1/1026/6145/6240/files/Screenshot2026-07-10163950.png?v=1783681815,1,"Chic Botanical Hair Spa Ritual Combo | Keratin Shampoo, Spa Conditioner, Herbal Hair Oil + Scalp Massager - CHIC The Botanical Beauty",false,"Chic Botanical Hair Spa Ritual Combo | Keratin Shampoo, Spa Conditione","A complete salon hair spa at home: Keratin Shampoo, Spa Conditioner, Herbal Hair Oil and a Scalp Massager — four steps to visibly healthier, silkier hair.",,g,,,active
chic-botanical-hair-spa-ritual-combo-keratin-shampoo-spa-conditioner-herbal-hair-oil-scalp-massager,,,,,,,,,,,,,,,,,,,,,,,,,,,,,,,,https://cdn.shopify.com/s/files/1/1026/6145/6240/files/Screenshot2026-07-10163959.png?v=1783681815,2,"Chic Botanical Hair Spa Ritual Combo | Keratin Shampoo, Spa Conditioner, Herbal Hair Oil + Scalp Massager - CHIC The Botanical Beauty",,,,,,,,
chic-botancial-beauty-ultimate-facial-ritual-combo-facewash-d-tan-mas,"CHIC Botanical Beauty Ultimate Facial Ritual Combo | Facewash, D-Tan Mask & More","<h2>The parlour-glow facial, bottled for home</h2><p>The Ultimate Facial Ritual brings the parlour glow home: Probiotic Facewash, D-Tan mask and the CHIC facial essentials for fresh, radiant skin in under thirty minutes.</p><h3>Why you’ll love it</h3><ul><li>Complete facial ritual in one combo</li><li>Removes tan, dullness and buildup</li><li>Probiotic cleanse protects the skin barrier</li><li>Radiant, even-toned finish</li></ul><h3>Key botanicals</h3><p>Probiotics, natural clays, botanical brighteners</p><h3>How to use</h3><p>Cleanse, apply the D-tan mask for 15 minutes, rinse and moisturise. Weekly for best results.</p><h3>Care</h3><p>Store in a cool, dry place away from direct sunlight. Patch-test before first use. For external use only. 100% botanical, cruelty-free and made in India.</p>",CHIC The Botanical Beauty,Health & Beauty > Personal Care > Cosmetics > Skin Care,Combo,"Combo, Skin Care, Facial, D-Tan, Best Seller",true,Title,Default Title,,,,,,,,CHIC-026,0,shopify,100,deny,manual,999.00,1299.00,true,true,,,,,,https://cdn.shopify.com/s/files/1/1026/6145/6240/files/Screenshot2026-07-10163115.png?v=1783681390,1,"CHIC Botanical Beauty Ultimate Facial Ritual Combo | Facewash, D-Tan Mask & More - CHIC The Botanical Beauty",false,"CHIC Botanical Beauty Ultimate Facial Ritual Combo | Facewash, D-Tan M","The Ultimate Facial Ritual brings the parlour glow home: Probiotic Facewash, D-Tan mask and the CHIC facial essentials for fresh, radiant skin in under thirty minutes.",,g,,,active
chic-botancial-beauty-ultimate-facial-ritual-combo-facewash-d-tan-mas,,,,,,,,,,,,,,,,,,,,,,,,,,,,,,,,https://cdn.shopify.com/s/files/1/1026/6145/6240/files/Screenshot2026-07-10163127.png?v=1783681389,2,"CHIC Botanical Beauty Ultimate Facial Ritual Combo | Facewash, D-Tan Mask & More - CHIC The Botanical Beauty",,,,,,,,
chic-botancial-beauty-ultimate-facial-ritual-combo-facewash-d-tan-mas,,,,,,,,,,,,,,,,,,,,,,,,,,,,,,,,https://cdn.shopify.com/s/files/1/1026/6145/6240/files/Screenshot2026-07-10163136.png?v=1783681390,3,"CHIC Botanical Beauty Ultimate Facial Ritual Combo | Facewash, D-Tan Mask & More - CHIC The Botanical Beauty",,,,,,,,
chic-botancial-beauty-ultimate-facial-ritual-combo-facewash-d-tan-mas,,,,,,,,,,,,,,,,,,,,,,,,,,,,,,,,https://cdn.shopify.com/s/files/1/1026/6145/6240/files/Screenshot2026-07-10163145.png?v=1783681389,4,"CHIC Botanical Beauty Ultimate Facial Ritual Combo | Facewash, D-Tan Mask & More - CHIC The Botanical Beauty",,,,,,,,
chic-botancial-beauty-ultimate-facial-ritual-combo-facewash-d-tan-mas,,,,,,,,,,,,,,,,,,,,,,,,,,,,,,,,https://cdn.shopify.com/s/files/1/1026/6145/6240/files/Screenshot2026-07-10163155.png?v=1783681389,5,"CHIC Botanical Beauty Ultimate Facial Ritual Combo | Facewash, D-Tan Mask & More - CHIC The Botanical Beauty",,,,,,,,
chic-botancial-beauty-ultimate-facial-ritual-combo-facewash-d-tan-mas,,,,,,,,,,,,,,,,,,,,,,,,,,,,,,,,https://cdn.shopify.com/s/files/1/1026/6145/6240/files/Screenshot2026-07-10163214.png?v=1783681389,6,"CHIC Botanical Beauty Ultimate Facial Ritual Combo | Facewash, D-Tan Mask & More - CHIC The Botanical Beauty",,,,,,,,
chic-botancial-beauty-ultimate-facial-ritual-combo-facewash-d-tan-mas,,,,,,,,,,,,,,,,,,,,,,,,,,,,,,,,https://cdn.shopify.com/s/files/1/1026/6145/6240/files/Screenshot2026-07-10163225.png?v=1783681390,7,"CHIC Botanical Beauty Ultimate Facial Ritual Combo | Facewash, D-Tan Mask & More - CHIC The Botanical Beauty",,,,,,,,
chic-botancial-beauty-ultimate-facial-ritual-combo-facewash-d-tan-mas,,,,,,,,,,,,,,,,,,,,,,,,,,,,,,,,https://cdn.shopify.com/s/files/1/1026/6145/6240/files/Screenshot2026-07-10163233.png?v=1783681389,8,"CHIC Botanical Beauty Ultimate Facial Ritual Combo | Facewash, D-Tan Mask & More - CHIC The Botanical Beauty",,,,,,,,
handmade-lip-balm,Handmade Lip Balm,"<h2>Butter-soft lips, made by hand</h2><p>A buttery, handmade lip balm that melts in to heal dry, chapped lips — pure botanical butters and oils, nothing else.</p><h3>Why you’ll love it</h3><ul><li>Instantly softens dry, chapped lips</li><li>Natural butters lock in moisture for hours</li><li>Handmade in small batches</li><li>Safe, edible-grade ingredients</li></ul><h3>Key botanicals</h3><p>Natural butters, cold-pressed oils, beeswax</p><h3>How to use</h3><p>Swipe on whenever lips feel dry; layer generously overnight for a lip-mask effect.</p><h3>Care</h3><p>Store in a cool, dry place away from direct sunlight. Patch-test before first use. For external use only. 100% botanical, cruelty-free and made in India.</p>",CHIC The Botanical Beauty,Health & Beauty > Personal Care > Cosmetics > Skin Care > Lip Balms & Treatments,Lip Care,"Lip Care, Handmade, Natural, Balm",true,Title,Default Title,,,,,,,,CHIC-027,0,shopify,100,deny,manual,299.00,399.00,true,true,,,,,,https://cdn.shopify.com/s/files/1/1026/6145/6240/files/Screenshot2026-07-10162103.png?v=1783680727,1,Handmade Lip Balm - CHIC The Botanical Beauty,false,Handmade Lip Balm | CHIC The Botanical Beauty,"A buttery, handmade lip balm that melts in to heal dry, chapped lips — pure botanical butters and oils, nothing else.",,g,,,active
handmade-lip-balm,,,,,,,,,,,,,,,,,,,,,,,,,,,,,,,,https://cdn.shopify.com/s/files/1/1026/6145/6240/files/Screenshot2026-07-10162145.png?v=1783680727,2,Handmade Lip Balm - CHIC The Botanical Beauty,,,,,,,,
body-yogurt-moisturizer-with-kokum-and-jojoba-seeds,Body Yogurt Moisturizer With Kokum And Jojoba Seeds,"<h2>48-hour moisture, whipped light as air</h2><p>A whipped, fast-absorbing Body Yogurt with kokum butter and jojoba seeds. Deep, 48-hour moisture with a light-as-air, never-sticky feel.</p><h3>Why you’ll love it</h3><ul><li>Up to 48 hours of deep hydration</li><li>Whipped texture absorbs in seconds</li><li>Kokum repairs; jojoba balances</li><li>No stickiness, no heaviness</li></ul><h3>Key botanicals</h3><p>Kokum Butter, Jojoba Seeds, botanical humectants</p><h3>How to use</h3><p>Scoop, warm between palms and massage all over damp skin after bathing, daily.</p><h3>Care</h3><p>Store in a cool, dry place away from direct sunlight. Patch-test before first use. For external use only. 100% botanical, cruelty-free and made in India.</p>",CHIC The Botanical Beauty,Health & Beauty > Personal Care > Cosmetics > Bath & Body,Body Care,"Body Care, Moisturizer, Kokum, Jojoba, Best Seller",true,Title,Default Title,,,,,,,,CHIC-028,0,shopify,100,deny,manual,299.00,399.00,true,true,,,,,,https://cdn.shopify.com/s/files/1/1026/6145/6240/files/Screenshot2026-07-10160354.png?v=1783679645,1,Body Yogurt Moisturizer With Kokum And Jojoba Seeds - CHIC The Botanical Beauty,false,Body Yogurt Moisturizer With Kokum And Jojoba Seeds | CHIC The Botanic,"A whipped, fast-absorbing Body Yogurt with kokum butter and jojoba seeds. Deep, 48-hour moisture with a light-as-air, never-sticky feel.",,g,,,active
body-yogurt-moisturizer-with-kokum-and-jojoba-seeds,,,,,,,,,,,,,,,,,,,,,,,,,,,,,,,,https://cdn.shopify.com/s/files/1/1026/6145/6240/files/Screenshot_2026-07-10_160425.png?v=1783679678,2,Body Yogurt Moisturizer With Kokum And Jojoba Seeds - CHIC The Botanical Beauty,,,,,,,,
body-yogurt-moisturizer-with-kokum-and-jojoba-seeds,,,,,,,,,,,,,,,,,,,,,,,,,,,,,,,,https://cdn.shopify.com/s/files/1/1026/6145/6240/files/Screenshot_2026-07-10_160521.png?v=1783679769,3,Body Yogurt Moisturizer With Kokum And Jojoba Seeds - CHIC The Botanical Beauty,,,,,,,,
body-yogurt-moisturizer-with-kokum-and-jojoba-seeds,,,,,,,,,,,,,,,,,,,,,,,,,,,,,,,,https://cdn.shopify.com/s/files/1/1026/6145/6240/files/Screenshot_2026-07-10_160535.png?v=1783679769,4,Body Yogurt Moisturizer With Kokum And Jojoba Seeds - CHIC The Botanical Beauty,,,,,,,,
body-yogurt-moisturizer-with-kokum-and-jojoba-seeds,,,,,,,,,,,,,,,,,,,,,,,,,,,,,,,,https://cdn.shopify.com/s/files/1/1026/6145/6240/files/Screenshot_2026-07-10_160548.png?v=1783679770,5,Body Yogurt Moisturizer With Kokum And Jojoba Seeds - CHIC The Botanical Beauty,,,,,,,,
hebral-hair-oil-combe,Herbal Hair Oil With Comb,"<h2>The classic Ayurvedic oil your hair remembers</h2><p>Our classic Herbal Hair Oil with a wooden comb — an Ayurvedic blend of botanical oils that strengthens roots, calms the scalp and brings back natural shine.</p><h3>Why you’ll love it</h3><ul><li>Reduces hair fall and breakage</li><li>Deeply nourishes scalp and roots</li><li>Adds shine without greasiness</li><li>Wooden comb for even application</li></ul><h3>Key botanicals</h3><p>Cold-pressed oils infused with Ayurvedic herbs</p><h3>How to use</h3><p>Massage into the scalp with the comb 1–2 hours before washing (or overnight), 2–3 times a week.</p><h3>Care</h3><p>Store in a cool, dry place away from direct sunlight. Patch-test before first use. For external use only. 100% botanical, cruelty-free and made in India.</p>",CHIC The Botanical Beauty,Health & Beauty > Personal Care > Hair Care,Hair Care,"Hair Care, Hair Oil, Ayurvedic, Best Seller",true,Title,Default Title,,,,,,,,CHIC-029,0,shopify,100,deny,manual,299.00,399.00,true,true,,,,,,https://cdn.shopify.com/s/files/1/1026/6145/6240/files/Screenshot2026-07-10154537.png?v=1783678555,1,Herbal Hair Oil With Comb - CHIC The Botanical Beauty,false,Herbal Hair Oil With Comb | CHIC The Botanical Beauty,"Our classic Herbal Hair Oil with a wooden comb — an Ayurvedic blend of botanical oils that strengthens roots, calms the scalp and brings back natural shine.",,g,,,active
hebral-hair-oil-combe,,,,,,,,,,,,,,,,,,,,,,,,,,,,,,,,https://cdn.shopify.com/s/files/1/1026/6145/6240/files/Screenshot_2026-07-10_154720.png?v=1783678676,2,Herbal Hair Oil With Comb - CHIC The Botanical Beauty,,,,,,,,
hebral-hair-oil-combe,,,,,,,,,,,,,,,,,,,,,,,,,,,,,,,,https://cdn.shopify.com/s/files/1/1026/6145/6240/files/Screenshot_2026-07-10_154820.png?v=1783678712,3,Herbal Hair Oil With Comb - CHIC The Botanical Beauty,,,,,,,,
hebral-hair-oil-combe,,,,,,,,,,,,,,,,,,,,,,,,,,,,,,,,https://cdn.shopify.com/s/files/1/1026/6145/6240/files/Screenshot_2026-07-10_154933.png?v=1783678785,4,Herbal Hair Oil With Comb - CHIC The Botanical Beauty,,,,,,,,
hebral-hair-oil-combe,,,,,,,,,,,,,,,,,,,,,,,,,,,,,,,,https://cdn.shopify.com/s/files/1/1026/6145/6240/files/Screenshot_2026-07-10_155124.png?v=1783678901,5,Herbal Hair Oil With Comb - CHIC The Botanical Beauty,,,,,,,,
hebral-hair-oil-combe,,,,,,,,,,,,,,,,,,,,,,,,,,,,,,,,https://cdn.shopify.com/s/files/1/1026/6145/6240/files/Screenshot_2026-07-10_155338.png?v=1783679028,6,Herbal Hair Oil With Comb - CHIC The Botanical Beauty,,,,,,,,
hebral-hair-oil-combe,,,,,,,,,,,,,,,,,,,,,,,,,,,,,,,,https://cdn.shopify.com/s/files/1/1026/6145/6240/files/Screenshot_2026-07-10_155406.png?v=1783679065,7,Herbal Hair Oil With Comb - CHIC The Botanical Beauty,,,,,,,,
